time_difference,公告日期,证券代码,证券简称,违规年度
1.0,2022,4,ST 国华,2021.0
4.0,2019,300104,乐视网,2015.0
3.0,2021,5,ST 星源,2018.0
3.0,2019,300104,乐视网,2016.0
2.0,2021,5,ST 星源,2019.0
2.0,2019,300104,乐视网,2017.0
1.0,2021,5,ST 星源,2020.0
1.0,2019,300104,乐视网,2018.0
2.0,2021,851,高鸿股份,2019.0
0.0,2021,5,ST 星源,2021.0
2.0,2022,300110,华仁药业,2020.0
0.0,2019,300431,暴风集团,2019.0
7.0,2021,7,*ST 全新,2014.0
4.0,2019,300113,顺网科技,2015.0
0.0,2018,8,神州高铁,2018.0
1.0,2017,300116,坚瑞沃能,2016.0
3.0,2020,2456,欧菲光,2017.0
6.0,2018,9,中国宝安,2012.0
7.0,2017,300117,嘉寓股份,2010.0
2.0,2022,2321,ST 华英,2020.0
2.0,2017,10,美丽生态,2015.0
6.0,2017,300117,嘉寓股份,2011.0
3.0,2019,300247,融捷健康,2016.0
6.0,2019,12,南玻A,2013.0
5.0,2017,300117,嘉寓股份,2012.0
2.0,2019,300247,融捷健康,2017.0
5.0,2019,12,南玻A,2014.0
4.0,2017,300117,嘉寓股份,2013.0
1.0,2021,688171,纬德信息,2020.0
4.0,2019,12,南玻A,2015.0
3.0,2017,300117,嘉寓股份,2014.0
3.0,2022,300213,佳讯飞鸿,2019.0
0.0,2020,16,深康佳A,2020.0
2.0,2017,300117,嘉寓股份,2015.0
3.0,2020,18,神城A退,2017.0
1.0,2020,300119,瑞普生物,2019.0
2.0,2020,18,神城A退,2018.0
2.0,2021,300119,瑞普生物,2019.0
1.0,2019,600988,赤峰黄金,2018.0
1.0,2022,20,深华发A,2021.0
3.0,2022,300139,晓程科技,2019.0
2.0,2023,23,深天地A,2021.0
1.0,2019,300140,中环装备,2018.0
1.0,2023,23,深天地A,2022.0
2.0,2021,300146,汤臣倍健,2019.0
0.0,2023,23,深天地A,2023.0
1.0,2018,300152,科融环境,2017.0
3.0,2019,688317,之江生物,2016.0
0.0,2022,34,神州数码,2022.0
2.0,2019,300152,科融环境,2017.0
2.0,2021,36,华联控股,2019.0
4.0,2019,300152,科融环境,2015.0
5.0,2018,38,深大通,2013.0
3.0,2019,300152,科融环境,2016.0
1.0,2020,40,东旭蓝天,2019.0
7.0,2022,300152,科融环境,2015.0
0.0,2021,300478,杭州高新,2021.0
0.0,2020,40,东旭蓝天,2020.0
6.0,2022,300152,科融环境,2016.0
4.0,2020,995,*ST 皇台,2016.0
4.0,2019,42,中洲控股,2015.0
5.0,2022,300152,科融环境,2017.0
4.0,2021,605566,福莱蒽特,2017.0
3.0,2019,42,中洲控股,2016.0
4.0,2022,300152,科融环境,2018.0
2.0,2021,300105,龙源技术,2019.0
2.0,2019,48,*ST 康达,2017.0
3.0,2022,300152,科融环境,2019.0
1.0,2019,48,*ST 康达,2018.0
7.0,2022,300156,神雾退,2015.0
1.0,2020,300339,润和软件,2019.0
1.0,2019,55,方大集团,2018.0
6.0,2022,300156,神雾退,2016.0
0.0,2021,56,皇庭国际,2021.0
5.0,2022,300156,神雾退,2017.0
2.0,2021,300213,佳讯飞鸿,2019.0
5.0,2022,68,华控赛格,2017.0
4.0,2022,300156,神雾退,2018.0
1.0,2021,300051,ST 三五,2020.0
6.0,2022,70,特发信息,2016.0
4.0,2023,300158,振东制药,2019.0
4.0,2022,2065,东华软件,2018.0
5.0,2022,70,特发信息,2017.0
3.0,2023,300158,振东制药,2020.0
3.0,2022,2065,东华软件,2019.0
4.0,2022,70,特发信息,2018.0
8.0,2023,300159,ST 新研,2015.0
5.0,2022,2368,太极股份,2017.0
3.0,2022,70,特发信息,2019.0
7.0,2023,300159,ST 新研,2016.0
4.0,2022,2368,太极股份,2018.0
2.0,2022,70,特发信息,2020.0
6.0,2023,300159,ST 新研,2017.0
5.0,2020,300345,红宇新材,2015.0
4.0,2021,78,海王生物,2017.0
5.0,2023,300159,ST 新研,2018.0
4.0,2020,300345,红宇新材,2016.0
3.0,2021,78,海王生物,2018.0
4.0,2023,300159,ST 新研,2019.0
2.0,2021,78,海王生物,2019.0
2.0,2020,300163,先锋新材,2018.0
1.0,2020,100,TCL科技,2019.0
6.0,2021,300167,迪威迅,2015.0
3.0,2022,150,宜华健康,2019.0
5.0,2021,300167,迪威迅,2016.0
1.0,2022,150,宜华健康,2021.0
4.0,2021,300167,迪威迅,2017.0
1.0,2022,403,派林生物,2021.0
3.0,2021,300167,迪威迅,2018.0
0.0,2018,2694,顾地科技,2018.0
0.0,2023,407,胜利股份,2023.0
5.0,2022,300167,迪威迅,2017.0
3.0,2020,300275,梅安森,2017.0
1.0,2017,408,金谷源,2016.0
5.0,2023,300175,朗源股份,2018.0
0.0,2017,408,金谷源,2017.0
4.0,2023,300175,朗源股份,2019.0
2.0,2022,300600,国瑞科技,2020.0
1.0,2018,409,山东地矿,2017.0
4.0,2022,300178,*ST 腾邦,2018.0
6.0,2021,300356,光一科技,2015.0
0.0,2018,409,山东地矿,2018.0
3.0,2022,300178,*ST 腾邦,2019.0
5.0,2021,300356,光一科技,2016.0
1.0,2021,410,*ST 沈机,2020.0
1.0,2023,300180,华峰超纤,2022.0
4.0,2021,300356,光一科技,2017.0
1.0,2020,413,东旭光电,2019.0
6.0,2022,300182,捷成股份,2016.0
3.0,2021,300356,光一科技,2018.0
0.0,2020,413,东旭光电,2020.0
5.0,2022,300182,捷成股份,2017.0
0.0,2020,300344,太空智造,2020.0
2.0,2022,422,湖北宜化,2020.0
7.0,2021,300189,神农科技,2014.0
5.0,2020,601101,昊华能源,2015.0
1.0,2022,422,湖北宜化,2021.0
6.0,2021,300189,神农科技,2015.0
4.0,2020,601101,昊华能源,2016.0
3.0,2022,426,兴业矿业,2019.0
5.0,2021,300189,神农科技,2016.0
3.0,2020,601101,昊华能源,2017.0
4.0,2019,488,晨鸣纸业,2015.0
7.0,2023,300201,海伦哲,2016.0
2.0,2020,601101,昊华能源,2018.0
3.0,2019,488,晨鸣纸业,2016.0
6.0,2023,300201,海伦哲,2017.0
2.0,2020,300324,旋极信息,2018.0
7.0,2017,498,山东路桥,2010.0
5.0,2023,300201,海伦哲,2018.0
1.0,2022,688529,豪森股份,2021.0
6.0,2017,498,山东路桥,2011.0
4.0,2023,300201,海伦哲,2019.0
4.0,2020,2163,海南发展,2016.0
3.0,2017,498,山东路桥,2014.0
1.0,2021,300202,*ST 聚龙,2020.0
2.0,2023,300895,铜牛信息,2021.0
2.0,2017,498,山东路桥,2015.0
4.0,2022,300202,聚龙退,2018.0
1.0,2017,498,山东路桥,2016.0
3.0,2022,300202,聚龙退,2019.0
3.0,2021,502,绿景控股,2018.0
2.0,2022,300202,聚龙退,2020.0
1.0,2018,503,国新健康,2017.0
7.0,2023,300202,聚龙退,2016.0
9.0,2021,504,南华生物,2012.0
6.0,2023,300202,聚龙退,2017.0
0.0,2017,505,珠江控股,2017.0
5.0,2023,300202,聚龙退,2018.0
10.0,2022,506,中润资源,2012.0
4.0,2023,300202,聚龙退,2019.0
2.0,2020,2071,*ST 长城,2018.0
0.0,2020,509,*ST 华塑,2020.0
3.0,2021,300203,聚光科技,2018.0
1.0,2020,2071,*ST 长城,2019.0
3.0,2020,510,新金路,2017.0
2.0,2021,300203,聚光科技,2019.0
1.0,2017,511,*ST 烯碳,2016.0
1.0,2021,300203,聚光科技,2020.0
6.0,2020,518,四环生物,2014.0
0.0,2021,300203,聚光科技,2021.0
5.0,2020,518,四环生物,2015.0
3.0,2022,300215,电科院,2019.0
4.0,2020,518,四环生物,2016.0
2.0,2022,300215,电科院,2020.0
3.0,2020,518,四环生物,2017.0
8.0,2023,300237,美晨生态,2015.0
2.0,2020,518,四环生物,2018.0
7.0,2023,300237,美晨生态,2016.0
5.0,2019,519,中兵红箭,2014.0
6.0,2023,300237,美晨生态,2017.0
2.0,2020,2325,洪涛股份,2018.0
4.0,2019,519,中兵红箭,2015.0
5.0,2023,300237,美晨生态,2018.0
2.0,2019,300540,深冷股份,2017.0
3.0,2019,519,中兵红箭,2016.0
4.0,2023,300237,美晨生态,2019.0
1.0,2019,300540,深冷股份,2018.0
2.0,2019,519,中兵红箭,2017.0
3.0,2023,300237,美晨生态,2020.0
1.0,2022,2629,仁智股份,2021.0
3.0,2021,523,*ST 浪奇,2018.0
3.0,2022,300256,*ST 星星,2019.0
2.0,2021,523,*ST 浪奇,2019.0
2.0,2022,300256,*ST 星星,2020.0
1.0,2021,523,*ST 浪奇,2020.0
3.0,2022,300262,巴安水务,2019.0
0.0,2019,300140,中环装备,2019.0
1.0,2020,525,红太阳,2019.0
2.0,2022,300262,巴安水务,2020.0
0.0,2020,525,红太阳,2020.0
3.0,2018,300267,尔康制药,2015.0
4.0,2022,533,顺钠股份,2018.0
2.0,2018,300267,尔康制药,2016.0
2.0,2020,534,万泽股份,2018.0
3.0,2023,300273,*ST 和佳,2020.0
1.0,2020,536,*ST 华映,2019.0
2.0,2023,300273,*ST 和佳,2021.0
3.0,2021,540,中天金融,2018.0
2.0,2018,300275,梅安森,2016.0
2.0,2020,600193,ST 创兴,2018.0
2.0,2021,540,中天金融,2019.0
5.0,2022,300297,*ST 蓝盾,2017.0
2.0,2023,545,金浦钛业,2021.0
4.0,2022,300297,*ST 蓝盾,2018.0
2.0,2017,555,神州信息,2015.0
3.0,2022,300297,*ST 蓝盾,2019.0
1.0,2020,300055,万邦达,2019.0
1.0,2017,555,神州信息,2016.0
2.0,2023,300301,*ST 长方,2021.0
1.0,2021,300716,国立科技,2020.0
0.0,2017,555,神州信息,2017.0
6.0,2023,300310,宜通世纪,2017.0
5.0,2022,300083,创世纪,2017.0
1.0,2017,557,西部创业,2016.0
2.0,2020,300312,邦讯技术,2018.0
4.0,2022,300083,创世纪,2018.0
3.0,2021,558,莱茵体育,2018.0
2.0,2021,558,莱茵体育,2019.0
4.0,2022,300312,*ST 邦讯,2018.0
2.0,2022,600070,浙江富润,2020.0
1.0,2021,558,莱茵体育,2020.0
3.0,2022,300312,*ST 邦讯,2019.0
1.0,2022,600070,浙江富润,2021.0
5.0,2022,564,ST 大集,2017.0
1.0,2019,300324,旋极信息,2018.0
3.0,2020,2568,百润股份,2017.0
4.0,2022,564,ST 大集,2018.0
1.0,2022,300325,德威退,2021.0
3.0,2022,564,ST 大集,2019.0
6.0,2023,300330,计通退,2017.0
1.0,2020,2517,恺英网络,2019.0
2.0,2022,564,ST 大集,2020.0
2.0,2019,300343,联创股份,2017.0
1.0,2022,564,ST 大集,2021.0
1.0,2019,300343,联创股份,2018.0
1.0,2018,300275,梅安森,2017.0
1.0,2017,566,海南海药,2016.0
3.0,2018,300345,红宇新材,2015.0
4.0,2022,300089,ST 文化,2018.0
0.0,2017,566,海南海药,2017.0
3.0,2020,300356,光一科技,2017.0
1.0,2021,300703,创源股份,2020.0
3.0,2020,571,*ST 大洲,2017.0
2.0,2020,300356,光一科技,2018.0
0.0,2021,300703,创源股份,2021.0
2.0,2020,571,*ST 大洲,2018.0
2.0,2022,300356,*ST 光一,2020.0
1.0,2021,572,海马汽车,2020.0
1.0,2017,300358,楚天科技,2016.0
9.0,2023,573,粤宏远A,2014.0
4.0,2020,300359,全通教育,2016.0
1.0,2023,573,粤宏远A,2022.0
3.0,2023,300359,全通教育,2020.0
5.0,2018,922,*ST 佳电,2013.0
5.0,2020,576,广东甘化,2015.0
2.0,2023,300359,全通教育,2021.0
4.0,2018,922,*ST 佳电,2014.0
2.0,2020,576,广东甘化,2018.0
3.0,2022,300362,天翔退,2019.0
3.0,2018,922,*ST 佳电,2015.0
1.0,2020,576,广东甘化,2019.0
2.0,2022,300362,天翔退,2020.0
3.0,2018,600610,中毅达,2015.0
2.0,2017,582,北部湾港,2015.0
3.0,2020,300367,ST 网力,2017.0
2.0,2018,636,风华高科,2016.0
1.0,2017,582,北部湾港,2016.0
2.0,2020,300367,ST 网力,2018.0
0.0,2020,2535,*ST 林重,2020.0
2.0,2020,586,汇源通信,2018.0
2.0,2022,300367,网力退,2020.0
2.0,2022,2076,ST 雪莱,2020.0
1.0,2020,587,*ST 金洲,2019.0
3.0,2023,300368,汇金股份,2020.0
1.0,2020,592,平潭发展,2019.0
2.0,2023,300368,汇金股份,2021.0
3.0,2018,603,盛达矿业,2015.0
4.0,2023,300370,*ST 安控,2019.0
1.0,2021,300050,世纪鼎利,2020.0
1.0,2019,606,顺利办,2018.0
6.0,2017,300372,欣泰电气,2011.0
1.0,2018,2188,*ST 巴士,2017.0
1.0,2022,609,中迪投资,2021.0
5.0,2017,300372,欣泰电气,2012.0
1.0,2022,611,天首退,2021.0
4.0,2017,300372,欣泰电气,2013.0
0.0,2022,613,*ST 东海A,2022.0
3.0,2017,300372,欣泰电气,2014.0
1.0,2022,615,奥园美谷,2021.0
3.0,2022,300376,易事特,2019.0
6.0,2022,616,ST 海投,2016.0
2.0,2017,300387,富邦股份,2015.0
5.0,2022,616,ST 海投,2017.0
2.0,2021,300392,腾信股份,2019.0
3.0,2022,300173,福能东方,2019.0
4.0,2022,616,ST 海投,2018.0
3.0,2021,300410,正业科技,2018.0
2.0,2022,300173,福能东方,2020.0
3.0,2022,616,ST 海投,2019.0
3.0,2022,300424,航新科技,2019.0
2.0,2022,616,ST 海投,2020.0
1.0,2019,300431,暴风集团,2018.0
1.0,2022,616,ST 海投,2021.0
3.0,2021,300449,汉邦高科,2018.0
2.0,2019,488,晨鸣纸业,2017.0
5.0,2023,619,海螺新材,2018.0
2.0,2021,300461,田中精机,2019.0
4.0,2023,619,海螺新材,2019.0
1.0,2021,300461,田中精机,2020.0
3.0,2023,619,海螺新材,2020.0
2.0,2023,300489,光智科技,2021.0
0.0,2022,620,新华联,2022.0
6.0,2022,300495,*ST 美尚,2016.0
3.0,2023,622,恒立实业,2020.0
5.0,2022,300495,*ST 美尚,2017.0
5.0,2020,2411,延安必康,2015.0
2.0,2023,622,恒立实业,2021.0
4.0,2022,300495,*ST 美尚,2018.0
4.0,2020,2411,延安必康,2016.0
1.0,2018,626,远大控股,2017.0
3.0,2022,300495,*ST 美尚,2019.0
3.0,2020,2411,延安必康,2017.0
5.0,2021,636,风华高科,2016.0
2.0,2022,300495,*ST 美尚,2020.0
2.0,2020,2411,延安必康,2018.0
1.0,2021,638,*ST 万方,2020.0
8.0,2023,300495,*ST 美尚,2015.0
1.0,2020,2411,延安必康,2019.0
1.0,2022,651,格力电器,2021.0
7.0,2023,300495,*ST 美尚,2016.0
4.0,2021,300500,启迪设计,2017.0
5.0,2019,652,泰达股份,2014.0
6.0,2023,300495,*ST 美尚,2017.0
3.0,2021,300500,启迪设计,2018.0
3.0,2019,652,泰达股份,2016.0
5.0,2023,300495,*ST 美尚,2018.0
2.0,2021,300500,启迪设计,2019.0
2.0,2019,652,泰达股份,2017.0
4.0,2023,300495,*ST 美尚,2019.0
1.0,2019,652,泰达股份,2018.0
4.0,2022,300500,启迪设计,2018.0
6.0,2020,2407,多氟多,2014.0
0.0,2022,656,金科股份,2022.0
3.0,2022,300500,启迪设计,2019.0
2.0,2022,300176,派生科技,2020.0
4.0,2019,659,珠海中富,2015.0
2.0,2022,300503,昊志机电,2020.0
1.0,2022,300176,派生科技,2021.0
1.0,2017,661,长春高新,2016.0
1.0,2022,300503,昊志机电,2021.0
0.0,2021,603602,纵横通信,2021.0
5.0,2021,662,天夏退,2016.0
1.0,2019,300442,普丽盛,2018.0
4.0,2021,662,天夏退,2017.0
3.0,2022,300505,川金诺,2019.0
4.0,2018,200468,*ST 宁通B,2014.0
3.0,2021,662,天夏退,2018.0
2.0,2022,300505,川金诺,2020.0
3.0,2018,200468,*ST 宁通B,2015.0
2.0,2021,662,天夏退,2019.0
1.0,2022,300505,川金诺,2021.0
2.0,2018,200468,*ST 宁通B,2016.0
4.0,2021,663,永安林业,2017.0
3.0,2022,300506,名家汇,2019.0
1.0,2018,200468,*ST 宁通B,2017.0
3.0,2021,663,永安林业,2018.0
2.0,2022,300521,爱司凯,2020.0
5.0,2021,666,经纬纺机,2016.0
1.0,2022,300521,爱司凯,2021.0
4.0,2021,666,经纬纺机,2017.0
3.0,2020,300528,幸福蓝海,2017.0
4.0,2018,2288,超华科技,2014.0
3.0,2021,666,经纬纺机,2018.0
3.0,2022,300586,美联新材,2019.0
2.0,2021,666,经纬纺机,2019.0
3.0,2019,300615,欣天科技,2016.0
3.0,2019,2496,辉丰股份,2016.0
2.0,2020,668,荣丰控股,2018.0
2.0,2019,300615,欣天科技,2017.0
2.0,2019,2496,辉丰股份,2017.0
1.0,2020,668,荣丰控股,2019.0
3.0,2022,300629,新劲刚,2019.0
4.0,2019,300020,银江股份,2015.0
0.0,2020,668,荣丰控股,2020.0
2.0,2022,300670,大烨智能,2020.0
3.0,2022,2285,世联行,2019.0
1.0,2022,669,ST 金鸿,2021.0
2.0,2019,300676,华大基因,2017.0
6.0,2021,670,*ST 盈方,2015.0
1.0,2022,300716,国立科技,2021.0
5.0,2020,671,阳光城,2015.0
3.0,2022,300716,国立科技,2019.0
0.0,2022,2285,世联行,2022.0
4.0,2020,671,阳光城,2016.0
2.0,2021,300766,每日互动,2019.0
3.0,2020,671,阳光城,2017.0
1.0,2022,300834,星辉环材,2021.0
2.0,2020,671,阳光城,2018.0
3.0,2018,600051,宁波联合,2015.0
1.0,2020,671,阳光城,2019.0
2.0,2018,600051,宁波联合,2016.0
0.0,2020,671,阳光城,2020.0
5.0,2023,600069,退市银鸽,2018.0
1.0,2018,672,上峰水泥,2017.0
4.0,2023,600069,退市银鸽,2019.0
0.0,2021,673,*ST 当代,2021.0
1.0,2018,600074,*ST 保千,2017.0
3.0,2019,600293,三峡新材,2016.0
2.0,2021,676,智度股份,2019.0
6.0,2017,600078,澄星股份,2011.0
2.0,2019,600293,三峡新材,2017.0
1.0,2021,676,智度股份,2020.0
5.0,2017,600078,澄星股份,2012.0
0.0,2021,676,智度股份,2021.0
6.0,2023,600079,人福医药,2017.0
4.0,2018,681,视觉中国,2014.0
5.0,2023,600079,人福医药,2018.0
4.0,2021,2369,卓翼科技,2017.0
3.0,2018,681,视觉中国,2015.0
4.0,2023,600079,人福医药,2019.0
3.0,2021,2369,卓翼科技,2018.0
2.0,2018,681,视觉中国,2016.0
3.0,2023,600079,人福医药,2020.0
2.0,2021,2369,卓翼科技,2019.0
1.0,2018,681,视觉中国,2017.0
4.0,2020,600086,*ST 金钰,2016.0
1.0,2021,2369,卓翼科技,2020.0
0.0,2018,681,视觉中国,2018.0
1813.0,2020,600086,*ST 金钰,207.0
0.0,2021,683,远兴能源,2021.0
2.0,2020,600086,*ST 金钰,2018.0
1.0,2022,686,东北证券,2021.0
1.0,2020,600086,*ST 金钰,2019.0
6.0,2022,687,*ST 华讯,2016.0
6.0,2022,600090,退市济堂,2016.0
5.0,2022,687,*ST 华讯,2017.0
5.0,2022,600090,退市济堂,2017.0
4.0,2022,687,*ST 华讯,2018.0
4.0,2022,600090,退市济堂,2018.0
0.0,2022,603615,茶花股份,2022.0
1.0,2021,688,国城矿业,2020.0
3.0,2022,600090,退市济堂,2019.0
1.0,2020,300203,聚光科技,2019.0
1.0,2019,690,宝新能源,2018.0
1.0,2019,600106,重庆路桥,2018.0
1.0,2018,2418,康盛股份,2017.0
0.0,2017,691,ST 亚太,2017.0
4.0,2022,600112,*ST 天成,2018.0
1.0,2018,692,惠天热电,2017.0
6.0,2023,600122,ST 宏图,2017.0
1.0,2020,300234,开尔新材,2019.0
4.0,2017,693,*ST 华泽,2013.0
5.0,2023,600122,ST 宏图,2018.0
1.0,2020,300682,朗新科技,2019.0
3.0,2017,693,*ST 华泽,2014.0
4.0,2023,600136,ST 明诚,2019.0
6.0,2019,600594,益佰制药,2013.0
2.0,2017,693,*ST 华泽,2015.0
3.0,2023,600136,ST 明诚,2020.0
5.0,2019,600594,益佰制药,2014.0
1.0,2023,695,滨海能源,2022.0
9.0,2021,600143,金发科技,2012.0
4.0,2019,600594,益佰制药,2015.0
3.0,2023,697,炼石航空,2020.0
8.0,2021,600143,金发科技,2013.0
3.0,2019,600594,益佰制药,2016.0
2.0,2023,697,炼石航空,2021.0
7.0,2021,600143,金发科技,2014.0
2.0,2019,600594,益佰制药,2017.0
1.0,2020,698,沈阳化工,2019.0
6.0,2021,600143,金发科技,2015.0
1.0,2019,600594,益佰制药,2018.0
1.0,2021,700,模塑科技,2020.0
1.0,2018,600145,*ST 新亿,2017.0
1.0,2020,300175,朗源股份,2019.0
0.0,2022,702,正虹科技,2022.0
6.0,2021,600145,*ST 新亿,2015.0
0.0,2019,300175,朗源股份,2019.0
2.0,2020,710,贝瑞基因,2018.0
5.0,2021,600145,*ST 新亿,2016.0
1.0,2021,603758,秦安股份,2020.0
1.0,2020,710,贝瑞基因,2019.0
4.0,2022,600145,*ST 新亿,2018.0
0.0,2021,603758,秦安股份,2021.0
1.0,2021,711,京蓝科技,2020.0
3.0,2022,600145,*ST 新亿,2019.0
4.0,2021,716,黑芝麻,2017.0
4.0,2022,600145,退市新亿,2018.0
2.0,2019,300023,宝德股份,2017.0
3.0,2021,716,黑芝麻,2018.0
3.0,2022,600145,退市新亿,2019.0
5.0,2018,717,韶钢松山,2013.0
0.0,2018,600165,新日恒力,2018.0
1.0,2020,300044,赛为智能,2019.0
3.0,2018,717,韶钢松山,2015.0
3.0,2019,600172,黄河旋风,2016.0
0.0,2020,300240,飞力达,2020.0
0.0,2018,717,韶钢松山,2018.0
2.0,2023,600172,黄河旋风,2021.0
5.0,2021,300311,任子行,2016.0
10.0,2019,719,中原传媒,2009.0
4.0,2023,600179,安通控股,2019.0
4.0,2021,300311,任子行,2017.0
9.0,2019,719,中原传媒,2010.0
2.0,2022,600190,锦州港,2020.0
3.0,2021,300311,任子行,2018.0
8.0,2019,719,中原传媒,2011.0
3.0,2022,600203,福日电子,2019.0
7.0,2019,719,中原传媒,2012.0
2.0,2022,600203,福日电子,2020.0
1.0,2019,300192,科斯伍德,2018.0
6.0,2019,719,中原传媒,2013.0
2.0,2020,600215,*ST 经开,2018.0
1.0,2022,688418,震有科技,2021.0
5.0,2019,719,中原传媒,2014.0
6.0,2023,600217,中再资环,2017.0
1.0,2022,300203,聚光科技,2021.0
4.0,2019,719,中原传媒,2015.0
5.0,2023,600217,中再资环,2018.0
2.0,2018,2504,*ST 弘高,2016.0
3.0,2019,719,中原传媒,2016.0
4.0,2023,600217,中再资环,2019.0
2.0,2018,2194,*ST 凡谷,2016.0
2.0,2019,719,中原传媒,2017.0
3.0,2023,600217,中再资环,2020.0
4.0,2021,2529,*ST 海源,2017.0
1.0,2019,719,中原传媒,2018.0
4.0,2022,600221,ST 海航,2018.0
3.0,2021,2529,*ST 海源,2018.0
2.0,2020,723,美锦能源,2018.0
3.0,2022,600221,ST 海航,2019.0
4.0,2018,731,四川美丰,2014.0
2.0,2023,600234,科新发展,2021.0
3.0,2018,731,四川美丰,2015.0
4.0,2023,600242,*ST 中昌,2019.0
2.0,2018,731,四川美丰,2016.0
5.0,2017,600247,ST 成城,2012.0
1.0,2020,732,泰禾集团,2019.0
3.0,2022,600248,陕西建工,2019.0
2.0,2023,735,罗牛山,2021.0
2.0,2023,600251,冠农股份,2021.0
0.0,2021,736,中交地产,2021.0
1.0,2022,600260,*ST 凯乐,2021.0
0.0,2017,737,南风化工,2017.0
3.0,2017,600281,太化股份,2014.0
2.0,2021,2387,维信诺,2019.0
8.0,2021,750,国海证券,2013.0
6.0,2021,2496,*ST 辉丰,2015.0
7.0,2021,750,国海证券,2014.0
14.0,2023,600287,江苏舜天,2009.0
5.0,2021,2496,*ST 辉丰,2016.0
6.0,2021,750,国海证券,2015.0
13.0,2023,600287,江苏舜天,2010.0
5.0,2021,750,国海证券,2016.0
12.0,2023,600287,江苏舜天,2011.0
4.0,2021,750,国海证券,2017.0
11.0,2023,600287,江苏舜天,2012.0
1.0,2021,603322,超讯通信,2020.0
1.0,2017,752,西藏发展,2016.0
10.0,2023,600287,江苏舜天,2013.0
0.0,2021,603322,超讯通信,2021.0
3.0,2017,753,漳州发展,2014.0
9.0,2023,600287,江苏舜天,2014.0
2.0,2022,300868,杰美特,2020.0
2.0,2017,753,漳州发展,2015.0
8.0,2023,600287,江苏舜天,2015.0
1.0,2022,300868,杰美特,2021.0
1.0,2017,753,漳州发展,2016.0
7.0,2023,600287,江苏舜天,2016.0
1.0,2020,980,*ST 众泰,2019.0
4.0,2018,755,*ST 三维,2014.0
6.0,2023,600287,江苏舜天,2017.0
0.0,2020,980,*ST 众泰,2020.0
3.0,2018,755,*ST 三维,2015.0
5.0,2023,600287,江苏舜天,2018.0
2.0,2022,688368,晶丰明源,2020.0
2.0,2018,755,*ST 三维,2016.0
4.0,2023,600287,江苏舜天,2019.0
1.0,2022,688368,晶丰明源,2021.0
1.0,2018,755,*ST 三维,2017.0
3.0,2023,600287,江苏舜天,2020.0
0.0,2018,601038,一拖股份,2018.0
3.0,2018,756,新华制药,2015.0
2.0,2023,600287,江苏舜天,2021.0
2.0,2018,2194,武汉凡谷,2016.0
2.0,2018,756,新华制药,2016.0
5.0,2021,600289,ST 信通,2016.0
1.0,2022,600243,青海华鼎,2021.0
14.0,2021,758,中色股份,2007.0
4.0,2021,600289,ST 信通,2017.0
2.0,2022,300526,中潜股份,2020.0
13.0,2021,758,中色股份,2008.0
2.0,2020,600290,*ST 华仪,2018.0
3.0,2021,300157,恒泰艾普,2018.0
12.0,2021,758,中色股份,2009.0
4.0,2021,600290,ST 华仪,2017.0
2.0,2021,300157,恒泰艾普,2019.0
11.0,2021,758,中色股份,2010.0
3.0,2021,600290,ST 华仪,2018.0
10.0,2021,758,中色股份,2011.0
4.0,2022,600291,退市西水,2018.0
2.0,2022,600078,ST 澄星,2020.0
9.0,2021,758,中色股份,2012.0
3.0,2022,600291,退市西水,2019.0
8.0,2021,758,中色股份,2013.0
3.0,2020,600300,维维股份,2017.0
2.0,2020,300077,国民技术,2018.0
7.0,2021,758,中色股份,2014.0
2.0,2020,600300,维维股份,2018.0
1.0,2018,403,振兴生化,2017.0
6.0,2021,758,中色股份,2015.0
2.0,2023,600302,标准股份,2021.0
5.0,2021,758,中色股份,2016.0
4.0,2023,600310,桂东电力,2019.0
2.0,2020,300313,天山生物,2018.0
4.0,2021,758,中色股份,2017.0
1.0,2020,300111,向日葵,2019.0
3.0,2021,758,中色股份,2018.0
1.0,2022,600311,*ST 荣华,2021.0
2.0,2020,600093,易见股份,2018.0
2.0,2021,758,中色股份,2019.0
2.0,2017,600318,新力金融,2015.0
1.0,2020,600093,易见股份,2019.0
0.0,2017,759,中百集团,2017.0
3.0,2022,600319,亚星化学,2019.0
1.0,2021,603300,华铁应急,2020.0
5.0,2021,760,斯太退,2016.0
2.0,2022,600319,亚星化学,2020.0
4.0,2021,2089,ST 新海,2017.0
0.0,2021,762,西藏矿业,2021.0
1.0,2022,600319,亚星化学,2021.0
3.0,2021,2089,ST 新海,2018.0
2.0,2019,766,通化金马,2017.0
7.0,2023,600343,航天动力,2016.0
2.0,2021,2089,ST 新海,2019.0
1.0,2019,766,通化金马,2018.0
6.0,2023,600343,航天动力,2017.0
3.0,2020,300234,开尔新材,2017.0
1.0,2018,767,漳泽电力,2017.0
5.0,2023,600343,航天动力,2018.0
2.0,2020,300234,开尔新材,2018.0
0.0,2018,767,漳泽电力,2018.0
4.0,2023,600343,航天动力,2019.0
1.0,2020,782,美达股份,2019.0
3.0,2023,600343,航天动力,2020.0
0.0,2020,782,美达股份,2020.0
2.0,2021,600359,新农开发,2019.0
2.0,2021,603009,北特科技,2019.0
3.0,2018,793,华闻传媒,2015.0
1.0,2021,600360,华微电子,2020.0
1.0,2021,603009,北特科技,2020.0
2.0,2018,793,华闻传媒,2016.0
2.0,2022,600360,华微电子,2020.0
2.0,2020,2356,*ST 赫美,2018.0
1.0,2018,793,华闻传媒,2017.0
4.0,2018,600370,三房巷,2014.0
1.0,2020,2356,*ST 赫美,2019.0
0.0,2018,793,华闻传媒,2018.0
3.0,2018,600370,三房巷,2015.0
5.0,2019,2288,超华科技,2014.0
3.0,2021,795,英洛华,2018.0
1.0,2022,600381,青海春天,2021.0
4.0,2019,2288,超华科技,2015.0
0.0,2021,795,英洛华,2021.0
5.0,2021,600382,*ST 广珠,2016.0
3.0,2019,2288,超华科技,2016.0
1.0,2022,796,凯撒旅业,2021.0
4.0,2021,600382,*ST 广珠,2017.0
2.0,2019,2288,超华科技,2017.0
2.0,2018,797,中国武夷,2016.0
3.0,2021,600382,*ST 广珠,2018.0
1.0,2019,2288,超华科技,2018.0
5.0,2020,798,中水渔业,2015.0
2.0,2021,600382,*ST 广珠,2019.0
1.0,2021,300022,吉峰科技,2020.0
5.0,2020,800,一汽轿车,2015.0
1.0,2021,600382,*ST 广珠,2020.0
4.0,2020,800,一汽轿车,2016.0
6.0,2022,600382,ST 广珠,2016.0
2.0,2021,300201,海伦哲,2019.0
3.0,2020,800,一汽轿车,2017.0
5.0,2022,600382,ST 广珠,2017.0
1.0,2021,300201,海伦哲,2020.0
2.0,2020,800,一汽轿车,2018.0
4.0,2022,600382,ST 广珠,2018.0
1.0,2019,600255,梦舟股份,2018.0
3.0,2022,802,ST 北文,2019.0
3.0,2022,600382,ST 广珠,2019.0
1.0,2018,803,金宇车城,2017.0
2.0,2022,600382,ST 广珠,2020.0
0.0,2018,803,金宇车城,2018.0
1.0,2022,600385,退市金泰,2021.0
1.0,2018,2456,欧菲科技,2017.0
2.0,2021,806,ST 银河,2019.0
2.0,2019,600387,海越能源,2017.0
1.0,2021,806,ST 银河,2020.0
10.0,2020,600399,ST 抚钢,2010.0
2.0,2022,809,铁岭新城,2020.0
9.0,2020,600399,ST 抚钢,2011.0
5.0,2023,812,陕西金叶,2018.0
8.0,2020,600399,ST 抚钢,2012.0
4.0,2023,812,陕西金叶,2019.0
7.0,2020,600399,ST 抚钢,2013.0
2.0,2019,982,*ST 中绒,2017.0
4.0,2021,813,德展健康,2017.0
6.0,2020,600399,ST 抚钢,2014.0
1.0,2018,600828,茂业商业,2017.0
3.0,2021,813,德展健康,2018.0
5.0,2020,600399,ST 抚钢,2015.0
4.0,2020,300224,正海磁材,2016.0
2.0,2021,813,德展健康,2019.0
4.0,2020,600399,ST 抚钢,2016.0
4.0,2019,300337,银邦股份,2015.0
2.0,2017,815,美利云,2015.0
5.0,2018,600421,ST 仰帆,2013.0
3.0,2019,300337,银邦股份,2016.0
6.0,2022,820,*ST 节能,2016.0
2.0,2021,600463,空港股份,2019.0
2.0,2019,300337,银邦股份,2017.0
5.0,2022,820,*ST 节能,2017.0
3.0,2023,600510,黑牡丹,2020.0
6.0,2022,821,京山轻机,2016.0
2.0,2023,600510,黑牡丹,2021.0
5.0,2022,821,京山轻机,2017.0
4.0,2022,600515,ST 基础,2018.0
3.0,2019,893,*ST 东凌,2016.0
4.0,2022,821,京山轻机,2018.0
3.0,2022,600515,ST 基础,2019.0
3.0,2019,2509,天广中茂,2016.0
3.0,2022,821,京山轻机,2019.0
4.0,2020,600518,ST 康美,2016.0
2.0,2019,2509,天广中茂,2017.0
2.0,2022,821,京山轻机,2020.0
3.0,2020,600518,ST 康美,2017.0
1.0,2022,826,启迪环境,2021.0
2.0,2020,600518,ST 康美,2018.0
1.0,2022,829,天音控股,2021.0
2.0,2021,600520,文一科技,2019.0
5.0,2022,835,*ST 长动,2017.0
3.0,2022,600522,中天科技,2019.0
3.0,2018,600321,*ST 正源,2015.0
4.0,2022,835,*ST 长动,2018.0
2.0,2022,600522,中天科技,2020.0
2.0,2018,600321,*ST 正源,2016.0
3.0,2022,835,*ST 长动,2019.0
3.0,2017,600530,交大昂立,2014.0
1.0,2018,600321,*ST 正源,2017.0
2.0,2022,835,*ST 长动,2020.0
5.0,2021,600532,未来股份,2016.0
4.0,2021,300245,天玑科技,2017.0
1.0,2022,835,*ST 长动,2021.0
4.0,2021,600532,未来股份,2017.0
3.0,2021,300245,天玑科技,2018.0
1.0,2020,836,富通鑫茂,2019.0
1.0,2021,600546,山煤国际,2020.0
2.0,2021,300245,天玑科技,2019.0
1.0,2017,837,秦川机床,2016.0
1.0,2022,600555,退市海创,2021.0
1.0,2021,300245,天玑科技,2020.0
0.0,2017,837,秦川机床,2017.0
4.0,2023,600557,康缘药业,2019.0
11.0,2021,839,中信国安,2010.0
3.0,2021,600593,*ST 圣亚,2018.0
10.0,2021,839,中信国安,2011.0
2.0,2021,600593,*ST 圣亚,2019.0
1.0,2021,2123,梦网科技,2020.0
9.0,2021,839,中信国安,2012.0
7.0,2020,600594,益佰制药,2013.0
2.0,2021,300344,立方数科,2019.0
8.0,2021,839,中信国安,2013.0
6.0,2020,600594,益佰制药,2014.0
1.0,2021,300344,立方数科,2020.0
7.0,2021,839,中信国安,2014.0
1.0,2019,600614,*ST 鹏起,2018.0
0.0,2021,300344,立方数科,2021.0
6.0,2021,839,中信国安,2015.0
4.0,2020,600614,*ST 鹏起,2016.0
5.0,2021,839,中信国安,2016.0
3.0,2020,600614,*ST 鹏起,2017.0
4.0,2021,839,中信国安,2017.0
2.0,2021,600614,退市鹏起,2019.0
4.0,2020,300344,太空智造,2016.0
3.0,2021,839,中信国安,2018.0
1.0,2022,600615,丰华股份,2021.0
2.0,2018,9,中国宝安,2016.0
2.0,2021,839,中信国安,2019.0
1.0,2020,600634,*ST 富控,2019.0
1.0,2021,839,中信国安,2020.0
2.0,2021,600634,退市富控,2019.0
2.0,2022,848,承德露露,2020.0
3.0,2022,600647,同达创业,2019.0
1.0,2022,848,承德露露,2021.0
2.0,2022,600647,同达创业,2020.0
0.0,2022,848,承德露露,2022.0
0.0,2020,851,高鸿股份,2020.0
3.0,2020,688499,利元亨,2017.0
4.0,2020,859,国风塑业,2016.0
1.0,2022,600647,同达创业,2021.0
3.0,2020,859,国风塑业,2017.0
3.0,2021,600652,*ST 游久,2018.0
2.0,2020,859,国风塑业,2018.0
2.0,2021,600652,*ST 游久,2019.0
0.0,2021,300392,腾信股份,2021.0
0.0,2019,861,海印股份,2019.0
1.0,2021,600652,*ST 游久,2020.0
5.0,2022,300044,赛为智能,2017.0
9.0,2019,869,张裕A,2010.0
5.0,2023,600654,*ST 中安,2018.0
4.0,2022,300044,赛为智能,2018.0
8.0,2019,869,张裕A,2011.0
6.0,2017,600656,退市博元,2011.0
3.0,2022,300044,赛为智能,2019.0
7.0,2019,869,张裕A,2012.0
5.0,2017,600656,退市博元,2012.0
2.0,2022,300044,赛为智能,2020.0
6.0,2019,869,张裕A,2013.0
4.0,2017,600656,退市博元,2013.0
1.0,2022,300044,赛为智能,2021.0
5.0,2019,869,张裕A,2014.0
4.0,2017,600671,天目药业,2013.0
4.0,2019,869,张裕A,2015.0
2.0,2020,600671,*ST 目药,2018.0
2.0,2021,300410,正业科技,2019.0
3.0,2019,869,张裕A,2016.0
3.0,2021,600671,ST 目药,2018.0
4.0,2021,2681,*ST 奋达,2017.0
2.0,2019,869,张裕A,2017.0
2.0,2021,600671,ST 目药,2019.0
3.0,2021,2681,*ST 奋达,2018.0
1.0,2019,869,张裕A,2018.0
5.0,2021,600677,*ST 航通,2016.0
1.0,2022,882,华联股份,2021.0
4.0,2021,600677,*ST 航通,2017.0
4.0,2018,200468,宁通信B,2014.0
0.0,2022,882,华联股份,2022.0
3.0,2021,600677,*ST 航通,2018.0
3.0,2018,200468,宁通信B,2015.0
1.0,2023,883,湖北能源,2022.0
4.0,2018,600680,*ST 上普,2014.0
2.0,2018,200468,宁通信B,2016.0
9.0,2017,886,海南高速,2008.0
1.0,2020,600682,南京新百,2019.0
1.0,2018,200468,宁通信B,2017.0
5.0,2017,886,海南高速,2012.0
2.0,2018,600701,*ST 工新,2016.0
0.0,2021,889,中嘉博创,2021.0
1.0,2018,600701,*ST 工新,2017.0
5.0,2021,890,*ST 胜尔,2016.0
6.0,2022,600712,南宁百货,2016.0
9.0,2021,300024,机器人,2012.0
4.0,2021,890,*ST 胜尔,2017.0
5.0,2022,600712,南宁百货,2017.0
7.0,2021,300024,机器人,2014.0
3.0,2021,890,*ST 胜尔,2018.0
4.0,2022,600712,南宁百货,2018.0
6.0,2021,300024,机器人,2015.0
2.0,2021,890,*ST 胜尔,2019.0
3.0,2022,600734,ST 实达,2019.0
5.0,2021,300024,机器人,2016.0
6.0,2022,892,欢瑞世纪,2016.0
6.0,2023,600734,ST 实达,2017.0
4.0,2021,300024,机器人,2017.0
4.0,2019,893,*ST 东凌,2015.0
5.0,2023,600734,ST 实达,2018.0
3.0,2021,300024,机器人,2018.0
2.0,2019,893,*ST 东凌,2017.0
4.0,2023,600734,ST 实达,2019.0
2.0,2021,300024,机器人,2019.0
1.0,2019,893,*ST 东凌,2018.0
8.0,2022,525,ST 红太阳,2014.0
4.0,2017,897,津滨发展,2013.0
3.0,2020,600747,退市大控,2017.0
7.0,2022,525,ST 红太阳,2015.0
3.0,2017,897,津滨发展,2014.0
1.0,2017,600760,中航黑豹,2016.0
6.0,2022,525,ST 红太阳,2016.0
2.0,2017,897,津滨发展,2015.0
2.0,2017,600763,通策医疗,2015.0
5.0,2022,525,ST 红太阳,2017.0
1.0,2017,897,津滨发展,2016.0
7.0,2022,600767,*ST 运盛,2015.0
4.0,2022,525,ST 红太阳,2018.0
0.0,2017,897,津滨发展,2017.0
6.0,2022,600767,*ST 运盛,2016.0
3.0,2022,525,ST 红太阳,2019.0
1.0,2022,908,景峰医药,2021.0
5.0,2022,600767,*ST 运盛,2017.0
2.0,2022,525,ST 红太阳,2020.0
2.0,2021,910,大亚圣象,2019.0
3.0,2022,600767,*ST 运盛,2019.0
3.0,2022,300766,每日互动,2019.0
6.0,2022,913,钱江摩托,2016.0
2.0,2022,600768,宁波富邦,2020.0
2.0,2022,300766,每日互动,2020.0
5.0,2022,913,钱江摩托,2017.0
1.0,2022,600768,宁波富邦,2021.0
1.0,2021,600586,金晶科技,2020.0
4.0,2022,913,钱江摩托,2018.0
5.0,2020,600781,*ST 辅仁,2015.0
0.0,2021,600586,金晶科技,2021.0
1.0,2019,917,电广传媒,2018.0
4.0,2020,600781,*ST 辅仁,2016.0
2.0,2020,600355,精伦电子,2018.0
1.0,2017,918,嘉凯城,2016.0
3.0,2020,600781,*ST 辅仁,2017.0
1.0,2020,600355,精伦电子,2019.0
0.0,2019,919,金陵药业,2019.0
2.0,2020,600781,*ST 辅仁,2018.0
1.0,2021,688586,江航装备,2020.0
3.0,2017,922,*ST 佳电,2014.0
1.0,2020,600797,浙大网新,2019.0
0.0,2021,688586,江航装备,2021.0
2.0,2017,922,*ST 佳电,2015.0
4.0,2017,600806,*ST 昆机,2013.0
1.0,2020,600242,中昌数据,2019.0
1.0,2017,922,*ST 佳电,2016.0
3.0,2017,600806,*ST 昆机,2014.0
1.0,2019,600880,博瑞传播,2018.0
1.0,2018,923,河北宣工,2017.0
2.0,2017,600806,*ST 昆机,2015.0
3.0,2017,928,中钢国际,2014.0
3.0,2017,600810,神马股份,2014.0
1.0,2017,929,兰州黄河,2016.0
4.0,2022,600816,ST 安信,2018.0
0.0,2018,931,中关村,2018.0
2.0,2022,600818,中路股份,2020.0
1.0,2022,933,神火股份,2021.0
4.0,2019,600830,香溢融通,2015.0
5.0,2019,600209,ST 罗顿,2014.0
0.0,2022,933,神火股份,2022.0
3.0,2019,600830,香溢融通,2016.0
3.0,2021,300405,科隆股份,2018.0
0.0,2022,937,冀中能源,2022.0
2.0,2019,600830,香溢融通,2017.0
4.0,2020,2766,*ST 索菱,2016.0
5.0,2021,939,凯迪退,2016.0
4.0,2021,600837,海通证券,2017.0
3.0,2020,2766,*ST 索菱,2017.0
4.0,2021,939,凯迪退,2017.0
2.0,2021,600844,丹化科技,2019.0
2.0,2020,2766,*ST 索菱,2018.0
1.0,2018,955,欣龙控股,2017.0
4.0,2020,600856,*ST 中天,2016.0
1.0,2020,2766,*ST 索菱,2019.0
1.0,2020,958,东方能源,2019.0
3.0,2020,600856,*ST 中天,2017.0
2.0,2018,600288,大恒科技,2016.0
14.0,2022,960,锡业股份,2008.0
2.0,2020,600856,*ST 中天,2018.0
1.0,2018,600288,大恒科技,2017.0
5.0,2022,960,锡业股份,2017.0
3.0,2022,600856,退市中天,2019.0
4.0,2020,961,中南建设,2016.0
2.0,2022,600856,退市中天,2020.0
0.0,2020,2255,*ST 海陆,2020.0
3.0,2020,961,中南建设,2017.0
4.0,2017,600857,宁波中百,2013.0
1.0,2019,600864,哈投股份,2018.0
2.0,2020,961,中南建设,2018.0
3.0,2017,600857,宁波中百,2014.0
0.0,2019,793,华闻集团,2019.0
1.0,2020,961,中南建设,2019.0
2.0,2017,600857,宁波中百,2015.0
3.0,2020,2188,*ST 巴士,2017.0
1.0,2021,971,*ST 高升,2020.0
1.0,2017,600870,厦华电子,2016.0
0.0,2022,972,ST 中基,2022.0
1.0,2022,600870,退市厦华,2021.0
6.0,2018,300057,万顺股份,2012.0
2.0,2018,975,银泰资源,2016.0
5.0,2020,600983,惠而浦,2015.0
5.0,2018,300057,万顺股份,2013.0
1.0,2018,975,银泰资源,2017.0
4.0,2020,600983,惠而浦,2016.0
1.0,2022,688316,青云科技,2021.0
1.0,2019,976,华铁股份,2018.0
5.0,2020,600984,建设机械,2015.0
3.0,2019,979,中弘退,2016.0
4.0,2020,600984,建设机械,2016.0
2.0,2022,600139,ST 西源,2020.0
2.0,2019,979,中弘退,2017.0
3.0,2020,600984,建设机械,2017.0
5.0,2021,300157,恒泰艾普,2016.0
1.0,2019,979,中弘退,2018.0
2.0,2020,600984,建设机械,2018.0
4.0,2021,300157,恒泰艾普,2017.0
3.0,2021,980,*ST 众泰,2018.0
4.0,2018,600988,赤峰黄金,2014.0
2.0,2021,980,*ST 众泰,2019.0
3.0,2018,600988,赤峰黄金,2015.0
1.0,2021,980,*ST 众泰,2020.0
2.0,2018,600988,赤峰黄金,2016.0
1.0,2020,300324,旋极信息,2019.0
1.0,2019,981,ST 银亿,2018.0
1.0,2017,601011,宝泰隆,2016.0
4.0,2020,600293,三峡新材,2016.0
0.0,2019,981,ST 银亿,2019.0
6.0,2021,601101,昊华能源,2015.0
3.0,2020,600293,三峡新材,2017.0
5.0,2017,982,*ST 中绒,2012.0
5.0,2021,601101,昊华能源,2016.0
2.0,2019,2514,宝馨科技,2017.0
4.0,2017,982,*ST 中绒,2013.0
4.0,2021,601101,昊华能源,2017.0
3.0,2019,2263,*ST 东南,2016.0
3.0,2017,982,*ST 中绒,2014.0
3.0,2021,601101,昊华能源,2018.0
2.0,2019,2263,*ST 东南,2017.0
2.0,2017,982,*ST 中绒,2015.0
6.0,2022,601118,海南橡胶,2016.0
2.0,2019,600712,南宁百货,2017.0
3.0,2020,989,九芝堂,2017.0
5.0,2022,601118,海南橡胶,2017.0
2.0,2020,989,九芝堂,2018.0
2.0,2022,601369,陕鼓动力,2020.0
5.0,2021,995,皇台酒业,2016.0
4.0,2017,601519,*ST 智慧,2013.0
2.0,2019,996,中国中期,2017.0
3.0,2022,601636,旗滨集团,2019.0
1.0,2019,996,中国中期,2018.0
2.0,2022,601636,旗滨集团,2020.0
1.0,2021,603766,隆鑫通用,2020.0
0.0,2019,996,中国中期,2019.0
3.0,2017,603003,龙宇燃油,2014.0
3.0,2018,2323,*ST 百特,2015.0
1.0,2021,997,新大陆,2020.0
2.0,2022,603007,ST 花王,2020.0
2.0,2018,2323,*ST 百特,2016.0
21.0,2020,1219,青岛食品,1999.0
3.0,2021,603009,北特科技,2018.0
18.0,2020,1219,青岛食品,2002.0
4.0,2019,603010,万盛股份,2015.0
1.0,2021,2002,鸿达兴业,2020.0
3.0,2019,603010,万盛股份,2016.0
7.0,2019,2005,*ST 德豪,2012.0
-86.0,2022,603039,ST 泛微,2108.0
4.0,2019,2005,*ST 德豪,2015.0
3.0,2022,603039,ST 泛微,2019.0
3.0,2019,2005,*ST 德豪,2016.0
4.0,2023,603056,德邦股份,2019.0
2.0,2019,2005,*ST 德豪,2017.0
3.0,2023,603103,横店影视,2020.0
2.0,2021,2240,盛新锂能,2019.0
1.0,2019,2005,*ST 德豪,2018.0
2.0,2023,603103,横店影视,2021.0
0.0,2021,2006,精功科技,2021.0
1.0,2018,603111,康尼机电,2017.0
3.0,2017,2008,大族激光,2014.0
6.0,2021,603111,康尼机电,2015.0
2.0,2019,603010,万盛股份,2017.0
2.0,2017,2008,大族激光,2015.0
5.0,2021,603111,康尼机电,2016.0
1.0,2022,600965,福成股份,2021.0
1.0,2017,2008,大族激光,2016.0
4.0,2021,603111,康尼机电,2017.0
1.0,2021,688311,盟升电子,2020.0
5.0,2018,2009,天奇股份,2013.0
3.0,2023,603133,碳元科技,2020.0
0.0,2021,688311,盟升电子,2021.0
4.0,2018,2009,天奇股份,2014.0
5.0,2023,603232,格尔软件,2018.0
4.0,2021,300109,新开源,2017.0
3.0,2018,2009,天奇股份,2015.0
4.0,2023,603232,格尔软件,2019.0
3.0,2021,300109,新开源,2018.0
1.0,2021,2011,盾安环境,2020.0
3.0,2023,603232,格尔软件,2020.0
2.0,2021,300109,新开源,2019.0
0.0,2022,2016,世荣兆业,2022.0
5.0,2020,603290,斯达半导,2015.0
2.0,2021,300240,飞力达,2019.0
5.0,2020,2018,华信退,2015.0
4.0,2020,603290,斯达半导,2016.0
4.0,2020,2018,华信退,2016.0
3.0,2020,603290,斯达半导,2017.0
3.0,2020,2018,华信退,2017.0
2.0,2022,603315,福鞍股份,2020.0
1.0,2022,2021,ST 中捷,2021.0
3.0,2022,603328,依顿电子,2019.0
2.0,2023,2022,*ST 科华,2021.0
2.0,2022,603328,依顿电子,2020.0
1.0,2023,2022,*ST 科华,2022.0
1.0,2021,603557,ST 起步,2020.0
0.0,2021,2024,苏宁易购,2021.0
5.0,2023,603557,ST 起步,2018.0
2.0,2017,2027,分众传媒,2015.0
4.0,2023,603557,ST 起步,2019.0
1.0,2017,2027,分众传媒,2016.0
6.0,2023,603603,*ST 博天,2017.0
1.0,2017,2031,巨轮智能,2016.0
5.0,2023,603603,*ST 博天,2018.0
2.0,2019,2034,旺能环境,2017.0
4.0,2023,603603,*ST 博天,2019.0
3.0,2022,2036,联创电子,2019.0
5.0,2023,603608,天创时尚,2018.0
1.0,2022,525,ST 红太阳,2021.0
2.0,2022,2036,联创电子,2020.0
4.0,2023,603608,天创时尚,2019.0
8.0,2022,2499,*ST 科林,2014.0
4.0,2023,2037,保利联合,2019.0
3.0,2023,603608,天创时尚,2020.0
7.0,2022,2499,*ST 科林,2015.0
3.0,2023,2037,保利联合,2020.0
2.0,2022,603615,茶花股份,2020.0
6.0,2022,2499,*ST 科林,2016.0
2.0,2023,2037,保利联合,2021.0
1.0,2022,603615,茶花股份,2021.0
1.0,2018,803,*ST 金宇,2017.0
1.0,2020,2044,美年健康,2019.0
5.0,2023,603636,南威软件,2018.0
0.0,2018,803,*ST 金宇,2018.0
0.0,2020,2044,美年健康,2020.0
4.0,2023,603636,南威软件,2019.0
7.0,2022,300093,金刚玻璃,2015.0
3.0,2018,2047,宝鹰股份,2015.0
3.0,2023,603636,南威软件,2020.0
9.0,2022,750,国海证券,2013.0
2.0,2018,2047,宝鹰股份,2016.0
2.0,2023,603636,南威软件,2021.0
8.0,2022,750,国海证券,2014.0
7.0,2021,2052,ST 同洲,2014.0
2.0,2022,603683,晶华新材,2020.0
7.0,2022,750,国海证券,2015.0
6.0,2021,2052,ST 同洲,2015.0
1.0,2022,603716,塞力医疗,2021.0
6.0,2022,750,国海证券,2016.0
5.0,2021,2052,ST 同洲,2016.0
1.0,2019,603729,龙韵股份,2018.0
5.0,2022,750,国海证券,2017.0
4.0,2021,2052,ST 同洲,2017.0
2.0,2020,603729,龙韵股份,2018.0
2.0,2022,2464,*ST 众应,2020.0
3.0,2021,2052,ST 同洲,2018.0
1.0,2021,603729,ST 龙韵,2020.0
2.0,2021,2052,ST 同洲,2019.0
1.0,2020,603799,华友钴业,2019.0
5.0,2020,300167,迪威迅,2015.0
0.0,2022,2058,*ST 威尔,2022.0
3.0,2021,603799,华友钴业,2018.0
4.0,2020,300167,迪威迅,2016.0
3.0,2019,2062,宏润建设,2016.0
2.0,2021,603799,华友钴业,2019.0
3.0,2020,300167,迪威迅,2017.0
2.0,2019,2062,宏润建设,2017.0
4.0,2023,603803,瑞斯康达,2019.0
2.0,2020,300167,迪威迅,2018.0
1.0,2019,2062,宏润建设,2018.0
3.0,2023,603803,瑞斯康达,2020.0
0.0,2019,688005,容百科技,2019.0
3.0,2021,2065,东华软件,2018.0
2.0,2021,603822,嘉澳环保,2019.0
2.0,2021,2065,东华软件,2019.0
5.0,2022,603869,新智认知,2017.0
7.0,2023,2069,ST 獐子岛,2016.0
2.0,2022,603869,新智认知,2020.0
1.0,2017,2070,*ST 众和,2016.0
4.0,2022,603876,鼎胜新材,2018.0
1.0,2019,600701,*ST 工新,2018.0
5.0,2021,2071,长城退,2016.0
3.0,2022,603876,鼎胜新材,2019.0
1.0,2021,603996,*ST 中新,2020.0
4.0,2021,2071,长城退,2017.0
2.0,2021,603900,莱绅通灵,2019.0
6.0,2023,662,天夏退,2017.0
3.0,2021,2071,长城退,2018.0
3.0,2020,603991,至正股份,2017.0
5.0,2023,662,天夏退,2018.0
2.0,2021,2071,长城退,2019.0
2.0,2020,603991,至正股份,2018.0
1.0,2021,2071,长城退,2020.0
3.0,2022,603996,退市中新,2019.0
6.0,2021,2072,*ST 凯瑞,2015.0
2.0,2022,603996,退市中新,2020.0
1.0,2019,2073,软控股份,2018.0
4.0,2022,603996,退市中新,2018.0
7.0,2022,2074,国轩高科,2015.0
2.0,2022,2074,国轩高科,2020.0
1.0,2021,605388,均瑶健康,2020.0
3.0,2020,908,景峰医药,2017.0
3.0,2022,2075,沙钢股份,2019.0
3.0,2023,688020,方邦股份,2020.0
2.0,2020,908,景峰医药,2018.0
2.0,2022,2075,沙钢股份,2020.0
2.0,2023,688020,方邦股份,2021.0
1.0,2020,908,景峰医药,2019.0
1.0,2022,2075,沙钢股份,2021.0
2.0,2023,688070,纵横股份,2021.0
0.0,2020,2076,*ST 雪莱,2020.0
4.0,2023,688086,*ST 紫晶,2019.0
1.0,2018,2079,苏州固锝,2017.0
3.0,2023,688086,*ST 紫晶,2020.0
1.0,2018,300267,尔康制药,2017.0
0.0,2018,2083,孚日股份,2018.0
2.0,2023,688086,*ST 紫晶,2021.0
2.0,2022,603390,通达电气,2020.0
1.0,2021,2085,万丰奥威,2020.0
2.0,2023,688090,瑞松科技,2021.0
6.0,2020,600416,*ST 湘电,2014.0
3.0,2021,2086,*ST 东洋,2018.0
1.0,2023,688137,近岸蛋白,2022.0
5.0,2020,600416,*ST 湘电,2015.0
2.0,2021,2086,*ST 东洋,2019.0
3.0,2023,688189,南新制药,2020.0
4.0,2020,600416,*ST 湘电,2016.0
1.0,2021,2086,*ST 东洋,2020.0
2.0,2023,688189,南新制药,2021.0
3.0,2020,600416,*ST 湘电,2017.0
1.0,2022,2087,新野纺织,2021.0
3.0,2023,688555,*ST 泽达,2020.0
2.0,2020,600416,*ST 湘电,2018.0
2.0,2018,2088,鲁阳节能,2016.0
2.0,2023,688555,*ST 泽达,2021.0
1.0,2020,600416,*ST 湘电,2019.0
1.0,2018,2088,鲁阳节能,2017.0
2.0,2023,688565,力源科技,2021.0
1.0,2019,587,金洲慈航,2018.0
9.0,2023,2089,ST 新海,2014.0
2.0,2023,688701,卓锦股份,2021.0
8.0,2023,2089,ST 新海,2015.0
7.0,2023,2089,ST 新海,2016.0
2.0,2023,688711,宏微科技,2021.0
6.0,2023,2089,ST 新海,2017.0
2.0,2023,688737,中自科技,2021.0
5.0,2023,2089,ST 新海,2018.0
2.0,2022,835184,国源科技,2020.0
2.0,2020,600393,粤泰股份,2018.0
4.0,2023,2089,ST 新海,2019.0
1.0,2022,835184,国源科技,2021.0
1.0,2019,2094,青岛金王,2018.0
3.0,2023,2089,ST 新海,2020.0
3.0,2021,836077,吉林碳谷,2018.0
0.0,2019,2094,青岛金王,2019.0
2.0,2017,2092,中泰化学,2015.0
2.0,2021,836077,吉林碳谷,2019.0
1.0,2017,2092,中泰化学,2016.0
1.0,2021,836077,吉林碳谷,2020.0
2.0,2022,2640,*ST 跨境,2020.0
1.0,2021,2094,青岛金王,2020.0
5.0,2023,838402,硅烷科技,2018.0
0.0,2021,2094,青岛金王,2021.0
4.0,2023,838402,硅烷科技,2019.0
1.0,2021,300766,每日互动,2020.0
1.0,2021,2095,生意宝,2020.0
3.0,2023,838402,硅烷科技,2020.0
1.0,2018,300169,天晟新材,2017.0
3.0,2020,2098,浔兴股份,2017.0
2.0,2023,838402,硅烷科技,2021.0
0.0,2018,300169,天晟新材,2018.0
0.0,2018,2099,海翔药业,2018.0
3.0,2019,870436,大地电气,2016.0
5.0,2020,2102,ST 冠福,2015.0
4.0,2020,2102,ST 冠福,2016.0
3.0,2022,600463,空港股份,2019.0
3.0,2020,2102,ST 冠福,2017.0
2.0,2022,600463,空港股份,2020.0
2.0,2020,2102,ST 冠福,2018.0
1.0,2021,2104,恒宝股份,2020.0
2.0,2020,2107,沃华医药,2018.0
1.0,2020,2107,沃华医药,2019.0
2.0,2020,603290,斯达半导,2018.0
0.0,2020,2107,沃华医药,2020.0
2.0,2022,2699,美盛文化,2020.0
2.0,2018,2110,三钢闽光,2016.0
6.0,2023,2176,江特电机,2017.0
1.0,2018,2110,三钢闽光,2017.0
5.0,2023,2176,江特电机,2018.0
0.0,2022,2112,三变科技,2022.0
5.0,2022,300094,国联水产,2017.0
6.0,2022,2113,ST 天润,2016.0
4.0,2022,300094,国联水产,2018.0
5.0,2022,2113,ST 天润,2017.0
3.0,2022,300094,国联水产,2019.0
4.0,2022,2113,ST 天润,2018.0
3.0,2021,600711,盛屯矿业,2018.0
2.0,2020,2114,罗平锌电,2018.0
2.0,2021,600711,盛屯矿业,2019.0
4.0,2019,2121,科陆电子,2015.0
2.0,2020,600804,鹏博士,2018.0
3.0,2019,2121,科陆电子,2016.0
1.0,2018,600687,刚泰控股,2017.0
2.0,2019,2121,科陆电子,2017.0
2.0,2023,601179,中国西电,2021.0
1.0,2019,2121,科陆电子,2018.0
2.0,2019,300356,光一科技,2017.0
0.0,2019,2121,科陆电子,2019.0
1.0,2019,300356,光一科技,2018.0
3.0,2020,2122,*ST 天马,2017.0
2.0,2021,2123,梦网科技,2019.0
2.0,2019,2584,西陇科学,2017.0
0.0,2018,2124,天邦股份,2018.0
1.0,2017,2127,南极电商,2016.0
2.0,2020,300300,汉鼎宇佑,2018.0
2.0,2022,2131,利欧股份,2020.0
1.0,2020,300300,汉鼎宇佑,2019.0
1.0,2018,2132,恒星科技,2017.0
,2020,300300,汉鼎宇佑,
0.0,2018,2132,恒星科技,2018.0
3.0,2023,2135,东南网架,2020.0
3.0,2020,2137,麦达数字,2017.0
2.0,2020,2137,麦达数字,2018.0
3.0,2018,601216,君正集团,2015.0
1.0,2020,2137,麦达数字,2019.0
2.0,2018,601216,君正集团,2016.0
4.0,2021,2140,东华科技,2017.0
1.0,2021,300362,天翔退,2020.0
3.0,2021,2141,贤丰控股,2018.0
2.0,2019,600651,飞乐音响,2017.0
2.0,2021,2141,贤丰控股,2019.0
0.0,2018,2143,印纪传媒,2018.0
1.0,2022,2146,荣盛发展,2021.0
3.0,2023,600069,退市银鸽,2020.0
5.0,2021,2147,*ST 新光,2016.0
3.0,2021,2147,*ST 新光,2018.0
9.0,2022,600999,招商证券,2013.0
0.0,2019,2149,西部材料,2019.0
8.0,2022,600999,招商证券,2014.0
2.0,2022,2151,北斗星通,2020.0
2.0,2022,600139,*ST 西源,2020.0
1.0,2022,2151,北斗星通,2021.0
1.0,2022,600139,*ST 西源,2021.0
0.0,2022,2151,北斗星通,2022.0
4.0,2020,603838,四通股份,2016.0
1.0,2021,2153,石基信息,2020.0
3.0,2020,603838,四通股份,2017.0
0.0,2022,2157,正邦科技,2022.0
2.0,2020,603838,四通股份,2018.0
1.0,2023,2159,三特索道,2022.0
2.0,2021,782,美达股份,2019.0
1.0,2021,2160,常铝股份,2020.0
3.0,2019,600677,航天通信,2016.0
5.0,2017,2161,远望谷,2012.0
2.0,2019,600677,航天通信,2017.0
4.0,2017,2161,远望谷,2013.0
3.0,2021,300297,蓝盾股份,2018.0
3.0,2017,2161,远望谷,2014.0
2.0,2021,300297,蓝盾股份,2019.0
2.0,2018,2163,中航三鑫,2016.0
1.0,2021,600540,新赛股份,2020.0
1.0,2018,2163,中航三鑫,2017.0
12.0,2022,300104,乐视退,2010.0
7.0,2021,2164,宁波东力,2014.0
11.0,2022,300104,乐视退,2011.0
6.0,2021,2164,宁波东力,2015.0
10.0,2022,300104,乐视退,2012.0
5.0,2021,2164,宁波东力,2016.0
9.0,2022,300104,乐视退,2013.0
4.0,2021,2164,宁波东力,2017.0
8.0,2022,300104,乐视退,2014.0
3.0,2021,2164,宁波东力,2018.0
6.0,2021,600074,退市保千,2015.0
1.0,2018,2166,莱茵生物,2017.0
5.0,2021,600074,退市保千,2016.0
5.0,2021,2167,东方锆业,2016.0
5.0,2021,600712,南宁百货,2016.0
1.0,2021,2167,东方锆业,2020.0
4.0,2021,600712,南宁百货,2017.0
0.0,2021,2167,东方锆业,2021.0
3.0,2021,600712,南宁百货,2018.0
1.0,2021,2168,惠程科技,2020.0
0.0,2021,2168,惠程科技,2021.0
4.0,2019,2170,芭田股份,2015.0
3.0,2019,2170,芭田股份,2016.0
2.0,2019,2170,芭田股份,2017.0
3.0,2022,600310,桂东电力,2019.0
1.0,2023,2172,澳洋健康,2022.0
3.0,2020,2618,丹邦科技,2017.0
3.0,2019,2173,创新医疗,2016.0
2.0,2020,2618,丹邦科技,2018.0
0.0,2019,2173,创新医疗,2019.0
1.0,2020,2618,丹邦科技,2019.0
1.0,2021,2174,游族网络,2020.0
2.0,2022,600748,上实发展,2020.0
0.0,2021,2174,游族网络,2021.0
1.0,2022,600748,上实发展,2021.0
3.0,2021,2175,*ST 东网,2018.0
1.0,2022,638,*ST 万方,2021.0
2.0,2021,2175,*ST 东网,2019.0
5.0,2022,2176,江特电机,2017.0
2.0,2021,600821,*ST 劝业,2019.0
4.0,2022,2176,江特电机,2018.0
2.0,2020,300056,中创环保,2018.0
1.0,2023,2178,延华智能,2022.0
1.0,2020,300056,中创环保,2019.0
0.0,2023,2178,延华智能,2023.0
3.0,2020,2369,卓翼科技,2017.0
1.0,2017,2180,纳思达,2016.0
2.0,2020,2369,卓翼科技,2018.0
10.0,2021,2181,粤传媒,2011.0
1.0,2020,2369,卓翼科技,2019.0
9.0,2021,2181,粤传媒,2012.0
3.0,2022,603991,至正股份,2019.0
8.0,2021,2181,粤传媒,2013.0
1.0,2020,300317,珈伟新能,2019.0
7.0,2021,2181,粤传媒,2014.0
5.0,2020,566,海南海药,2015.0
6.0,2021,2181,粤传媒,2015.0
4.0,2020,566,海南海药,2016.0
2.0,2017,2183,怡亚通,2015.0
3.0,2020,566,海南海药,2017.0
1.0,2017,2183,怡亚通,2016.0
1.0,2020,566,海南海药,2019.0
3.0,2020,2188,ST 巴士,2017.0
1.0,2019,300100,双林股份,2018.0
4.0,2018,2190,成飞集成,2014.0
3.0,2021,600355,精伦电子,2018.0
3.0,2018,2190,成飞集成,2015.0
2.0,2021,600355,精伦电子,2019.0
2.0,2018,2190,成飞集成,2016.0
3.0,2018,600107,美尔雅,2015.0
2.0,2020,2192,融捷股份,2018.0
2.0,2018,600107,美尔雅,2016.0
2.0,2022,2193,如意集团,2020.0
1.0,2018,600107,美尔雅,2017.0
1.0,2022,2193,如意集团,2021.0
4.0,2021,2535,*ST 林重,2017.0
0.0,2022,2193,如意集团,2022.0
1.0,2017,2194,武汉凡谷,2016.0
6.0,2023,2629,仁智股份,2017.0
0.0,2019,2196,方正电机,2019.0
1.0,2020,2642,荣联科技,2019.0
4.0,2018,2197,证通电子,2014.0
3.0,2018,2197,证通电子,2015.0
5.0,2021,670,*ST 盈方,2016.0
2.0,2018,2197,证通电子,2016.0
1.0,2018,2197,证通电子,2017.0
6.0,2022,2770,*ST 科迪,2016.0
9.0,2020,2198,嘉应制药,2011.0
5.0,2022,2770,*ST 科迪,2017.0
8.0,2020,2198,嘉应制药,2012.0
4.0,2022,2770,*ST 科迪,2018.0
7.0,2020,2198,嘉应制药,2013.0
6.0,2020,2198,嘉应制药,2014.0
5.0,2020,2198,嘉应制药,2015.0
4.0,2020,2198,嘉应制药,2016.0
1.0,2020,600882,妙可蓝多,2019.0
3.0,2020,2198,嘉应制药,2017.0
4.0,2017,2199,东晶电子,2013.0
3.0,2022,600172,黄河旋风,2019.0
3.0,2017,2199,东晶电子,2014.0
2.0,2022,600172,黄河旋风,2020.0
2.0,2017,2199,东晶电子,2015.0
1.0,2021,510,新金路,2020.0
1.0,2017,2199,东晶电子,2016.0
1.0,2018,2201,九鼎新材,2017.0
1.0,2019,300247,融捷健康,2018.0
0.0,2018,2201,九鼎新材,2018.0
0.0,2019,300247,融捷健康,2019.0
1.0,2020,2203,海亮股份,2019.0
4.0,2021,2205,国统股份,2017.0
3.0,2020,2249,大洋电机,2017.0
3.0,2021,2205,国统股份,2018.0
2.0,2020,2249,大洋电机,2018.0
2.0,2021,2205,国统股份,2019.0
1.0,2020,300306,远方信息,2019.0
1.0,2022,2207,准油股份,2021.0
0.0,2020,300306,远方信息,2020.0
3.0,2022,2211,ST 宏达,2019.0
3.0,2021,603300,华铁应急,2018.0
2.0,2022,2211,ST 宏达,2020.0
1.0,2022,2211,ST 宏达,2021.0
0.0,2021,603300,华铁应急,2021.0
0.0,2020,2213,大为股份,2020.0
2.0,2018,300056,三维丝,2016.0
3.0,2021,2217,合力泰,2018.0
1.0,2018,300163,先锋新材,2017.0
2.0,2021,2217,合力泰,2019.0
1.0,2021,2217,合力泰,2020.0
5.0,2023,2218,拓日新能,2018.0
4.0,2023,2218,拓日新能,2019.0
1.0,2019,716,黑芝麻,2018.0
4.0,2017,2219,恒康医疗,2013.0
4.0,2019,603555,贵人鸟,2015.0
1.0,2021,2220,天宝退,2020.0
3.0,2019,603555,贵人鸟,2016.0
3.0,2020,2221,东华能源,2017.0
2.0,2019,603555,贵人鸟,2017.0
2.0,2023,2224,三力士,2021.0
1.0,2023,2224,三力士,2022.0
1.0,2019,600671,天目药业,2018.0
7.0,2021,2228,合兴包装,2014.0
5.0,2019,300269,联建光电,2014.0
2.0,2021,2228,合兴包装,2019.0
4.0,2019,300269,联建光电,2015.0
1.0,2021,2228,合兴包装,2020.0
3.0,2019,300269,联建光电,2016.0
1.0,2020,2229,鸿博股份,2019.0
6.0,2022,662,天夏退,2016.0
0.0,2020,2229,鸿博股份,2020.0
1.0,2017,2231,奥维通信,2016.0
5.0,2017,2232,启明信息,2012.0
7.0,2019,600421,*ST 仰帆,2012.0
4.0,2017,2232,启明信息,2013.0
6.0,2019,600421,*ST 仰帆,2013.0
3.0,2017,2232,启明信息,2014.0
2.0,2017,2232,启明信息,2015.0
6.0,2021,2235,安妮股份,2015.0
3.0,2022,2237,恒邦股份,2019.0
2.0,2022,2237,恒邦股份,2020.0
1.0,2022,2237,恒邦股份,2021.0
3.0,2021,802,ST 北文,2018.0
1.0,2022,2239,奥特佳,2021.0
7.0,2021,600677,*ST 航通,2014.0
12.0,2021,2240,盛新锂能,2009.0
11.0,2021,2240,盛新锂能,2010.0
3.0,2022,600301,南化股份,2019.0
10.0,2021,2240,盛新锂能,2011.0
2.0,2022,600301,南化股份,2020.0
9.0,2021,2240,盛新锂能,2012.0
1.0,2022,600301,南化股份,2021.0
4.0,2021,2240,盛新锂能,2017.0
3.0,2019,603838,四通股份,2016.0
3.0,2021,2240,盛新锂能,2018.0
2.0,2019,603838,四通股份,2017.0
5.0,2021,2247,聚力文化,2016.0
1.0,2019,603838,四通股份,2018.0
4.0,2021,2247,聚力文化,2017.0
1.0,2021,688559,海目星,2020.0
3.0,2021,2247,聚力文化,2018.0
8.0,2023,601101,昊华能源,2015.0
0.0,2020,2249,大洋电机,2020.0
7.0,2023,601101,昊华能源,2016.0
1.0,2017,2251,步步高,2016.0
6.0,2023,601101,昊华能源,2017.0
3.0,2021,2252,上海莱士,2018.0
5.0,2023,601101,昊华能源,2018.0
2.0,2021,2252,上海莱士,2019.0
2.0,2019,600539,*ST 狮头,2017.0
1.0,2021,2252,上海莱士,2020.0
0.0,2021,2252,上海莱士,2021.0
3.0,2020,300242,佳云科技,2017.0
2.0,2020,2255,*ST 海陆,2018.0
1.0,2020,2366,台海核电,2019.0
1.0,2020,2255,*ST 海陆,2019.0
2.0,2020,2255,海陆重工,2018.0
2.0,2020,2259,*ST 升达,2018.0
3.0,2020,300147,香雪制药,2017.0
1.0,2022,2260,*ST 德奥,2021.0
0.0,2022,2260,*ST 德奥,2022.0
4.0,2020,2263,*ST 东南,2016.0
5.0,2020,600594,益佰制药,2015.0
3.0,2020,2263,*ST 东南,2017.0
4.0,2020,600594,益佰制药,2016.0
2.0,2020,2263,*ST 东南,2018.0
3.0,2020,600594,益佰制药,2017.0
1.0,2020,2263,*ST 东南,2019.0
2.0,2020,600594,益佰制药,2018.0
2.0,2023,2264,新华都,2021.0
2.0,2019,603758,秦安股份,2017.0
3.0,2023,2267,陕天然气,2020.0
1.0,2019,603758,秦安股份,2018.0
4.0,2019,2270,华明装备,2015.0
3.0,2021,2274,华昌化工,2018.0
2.0,2021,2274,华昌化工,2019.0
2.0,2017,2276,万马股份,2015.0
1.0,2017,2276,万马股份,2016.0
2.0,2020,150,宜华健康,2018.0
0.0,2017,2276,万马股份,2017.0
2.0,2022,688660,电气风电,2020.0
3.0,2019,2278,神开股份,2016.0
3.0,2020,2312,三泰控股,2017.0
8.0,2022,2279,久其软件,2014.0
7.0,2022,2279,久其软件,2015.0
6.0,2022,2279,久其软件,2016.0
5.0,2022,2279,久其软件,2017.0
4.0,2022,2279,久其软件,2018.0
2.0,2017,2280,联络互动,2015.0
4.0,2019,300350,华鹏飞,2015.0
1.0,2017,2280,联络互动,2016.0
3.0,2019,300350,华鹏飞,2016.0
0.0,2017,2280,联络互动,2017.0
2.0,2019,300350,华鹏飞,2017.0
2.0,2017,2281,光迅科技,2015.0
2.0,2023,757,浩物股份,2021.0
1.0,2017,2281,光迅科技,2016.0
0.0,2017,2281,光迅科技,2017.0
5.0,2018,600308,华泰股份,2013.0
1.0,2022,2284,亚太股份,2021.0
2.0,2022,2285,世联行,2020.0
2.0,2019,673,当代东方,2017.0
1.0,2022,2285,世联行,2021.0
2.0,2021,603729,ST 龙韵,2019.0
7.0,2021,2288,超华科技,2014.0
1.0,2020,2290,ST 中科创,2019.0
1.0,2018,2291,星期六,2017.0
2.0,2018,591,太阳能,2016.0
0.0,2021,2306,中科云网,2021.0
1.0,2018,591,太阳能,2017.0
0.0,2021,2309,中利集团,2021.0
2.0,2022,600653,申华控股,2020.0
2.0,2021,2310,东方园林,2019.0
1.0,2021,2310,东方园林,2020.0
2.0,2021,600856,ST 中天,2019.0
0.0,2021,2310,东方园林,2021.0
1.0,2021,600856,ST 中天,2020.0
5.0,2020,2312,三泰控股,2015.0
1.0,2021,603922,金鸿顺,2020.0
4.0,2020,2312,三泰控股,2016.0
1.0,2019,603976,正川股份,2018.0
3.0,2019,2313,日海智能,2016.0
0.0,2019,603976,正川股份,2019.0
4.0,2018,2316,亚联发展,2014.0
3.0,2020,2535,*ST 林重,2017.0
3.0,2018,2316,亚联发展,2015.0
1.0,2018,2316,亚联发展,2017.0
1.0,2021,2321,*ST 华英,2020.0
0.0,2021,2321,*ST 华英,2021.0
2.0,2017,2322,理工环科,2015.0
4.0,2019,2323,*ST 百特,2015.0
1.0,2020,600136,当代明诚,2019.0
3.0,2019,2323,*ST 百特,2016.0
1.0,2020,2324,普利特,2019.0
0.0,2020,2324,普利特,2020.0
1.0,2019,2325,洪涛股份,2018.0
4.0,2022,2431,棕榈股份,2018.0
0.0,2020,2326,永太科技,2020.0
2.0,2022,2431,棕榈股份,2020.0
1.0,2017,2328,新朋股份,2016.0
0.0,2017,2328,新朋股份,2017.0
1.0,2021,2329,皇氏集团,2020.0
5.0,2020,2159,三特索道,2015.0
3.0,2022,2331,皖通科技,2019.0
5.0,2022,300262,巴安水务,2017.0
2.0,2022,2331,皖通科技,2020.0
4.0,2022,300262,巴安水务,2018.0
1.0,2022,2331,皖通科技,2021.0
1.0,2019,2333,*ST 罗普,2018.0
6.0,2020,2335,科华恒盛,2014.0
5.0,2020,2335,科华恒盛,2015.0
3.0,2021,600251,冠农股份,2018.0
4.0,2020,2335,科华恒盛,2016.0
2.0,2018,300162,雷曼股份,2016.0
3.0,2020,2335,科华恒盛,2017.0
1.0,2021,600461,洪城环境,2020.0
2.0,2020,2335,科华恒盛,2018.0
1.0,2019,2336,*ST 人乐,2018.0
3.0,2020,300311,任子行,2017.0
2.0,2018,2338,奥普光电,2016.0
2.0,2020,300311,任子行,2018.0
1.0,2017,2339,积成电子,2016.0
3.0,2017,2340,格林美,2014.0
2.0,2020,200168,*ST 舜喆B,2018.0
4.0,2022,2341,新纶新材,2018.0
4.0,2021,600609,金杯汽车,2017.0
3.0,2022,2341,新纶新材,2019.0
3.0,2021,600609,金杯汽车,2018.0
2.0,2022,2341,新纶新材,2020.0
4.0,2021,600653,申华控股,2017.0
1.0,2018,2342,巨力索具,2017.0
3.0,2021,600653,申华控股,2018.0
1.0,2022,2346,柘中股份,2021.0
2.0,2020,600715,文投控股,2018.0
1.0,2018,2347,泰尔股份,2017.0
7.0,2022,663,永安林业,2015.0
0.0,2021,2348,高乐股份,2021.0
6.0,2022,663,永安林业,2016.0
1.0,2020,2349,精华制药,2019.0
5.0,2022,663,永安林业,2017.0
1.0,2019,2354,天神娱乐,2018.0
4.0,2022,663,永安林业,2018.0
2.0,2020,2355,兴民智通,2018.0
3.0,2022,663,永安林业,2019.0
1.0,2020,2355,兴民智通,2019.0
2.0,2022,663,永安林业,2020.0
4.0,2021,2356,*ST 赫美,2017.0
3.0,2021,2356,*ST 赫美,2018.0
0.0,2017,2357,富临运业,2017.0
1.0,2019,2358,森源电气,2018.0
1.0,2021,2359,北讯退,2020.0
1.0,2021,300392,腾信股份,2020.0
1.0,2017,2360,同德化工,2016.0
10.0,2020,2363,隆基机械,2010.0
9.0,2021,2270,华明装备,2012.0
2.0,2020,2363,隆基机械,2018.0
6.0,2021,2270,华明装备,2015.0
1.0,2020,2363,隆基机械,2019.0
0.0,2020,2364,中恒电气,2020.0
4.0,2022,300629,新劲刚,2018.0
4.0,2021,2366,台海核电,2017.0
3.0,2021,2366,台海核电,2018.0
1.0,2021,300182,捷成股份,2020.0
2.0,2021,2366,台海核电,2019.0
3.0,2021,600797,浙大网新,2018.0
1.0,2021,2366,台海核电,2020.0
2.0,2021,600797,浙大网新,2019.0
0.0,2021,2366,台海核电,2021.0
5.0,2021,2368,太极股份,2016.0
4.0,2021,2368,太极股份,2017.0
1.0,2021,813,德展健康,2020.0
3.0,2021,2368,太极股份,2018.0
0.0,2020,2369,卓翼科技,2020.0
2.0,2022,603991,至正股份,2020.0
5.0,2021,2370,亚太药业,2016.0
2.0,2020,600198,大唐电信,2018.0
4.0,2021,2370,亚太药业,2017.0
1.0,2019,2369,卓翼科技,2018.0
3.0,2021,2370,亚太药业,2018.0
2.0,2021,2370,亚太药业,2019.0
1.0,2022,603007,ST 花王,2021.0
0.0,2019,2374,丽鹏股份,2019.0
3.0,2020,2629,ST 仁智,2017.0
6.0,2021,2377,国创高新,2015.0
5.0,2021,2377,国创高新,2016.0
3.0,2022,603863,ST 松炀,2019.0
4.0,2021,2377,国创高新,2017.0
6.0,2022,2247,聚力文化,2016.0
3.0,2021,2377,国创高新,2018.0
5.0,2022,2247,聚力文化,2017.0
2.0,2021,2377,国创高新,2019.0
1.0,2021,2382,蓝帆医疗,2020.0
1.0,2022,2383,合众思壮,2021.0
1.0,2017,2387,黑牛食品,2016.0
0.0,2017,2387,黑牛食品,2017.0
1.0,2022,2388,新亚制程,2021.0
3.0,2019,2392,北京利尔,2016.0
0.0,2017,2396,星网锐捷,2017.0
1.0,2022,2397,梦洁股份,2021.0
3.0,2019,2399,海普瑞,2016.0
7.0,2022,600981,汇鸿集团,2015.0
2.0,2019,2399,海普瑞,2017.0
6.0,2022,600981,汇鸿集团,2016.0
1.0,2019,2399,海普瑞,2018.0
5.0,2022,600981,汇鸿集团,2017.0
0.0,2019,2399,海普瑞,2019.0
4.0,2022,600981,汇鸿集团,2018.0
1.0,2018,2400,省广集团,2017.0
3.0,2022,600981,汇鸿集团,2019.0
0.0,2018,2400,省广集团,2018.0
2.0,2022,600981,汇鸿集团,2020.0
1.0,2018,2404,嘉欣丝绸,2017.0
1.0,2019,600321,ST 正源,2018.0
1.0,2019,2407,多氟多,2018.0
2.0,2022,2408,齐翔腾达,2020.0
1.0,2022,2408,齐翔腾达,2021.0
6.0,2021,2411,延安必康,2015.0
6.0,2020,300093,金刚玻璃,2014.0
5.0,2021,2411,延安必康,2016.0
5.0,2020,300093,金刚玻璃,2015.0
4.0,2021,2411,延安必康,2017.0
4.0,2020,300093,金刚玻璃,2016.0
3.0,2021,2411,延安必康,2018.0
3.0,2020,300093,金刚玻璃,2017.0
2.0,2021,2411,延安必康,2019.0
2.0,2020,300093,金刚玻璃,2018.0
-20200000.0,2021,2411,延安必康,20202021.0
7.0,2022,2412,汉森制药,2015.0
6.0,2022,2412,汉森制药,2016.0
5.0,2022,2412,汉森制药,2017.0
4.0,2022,2412,汉森制药,2018.0
3.0,2022,2412,汉森制药,2019.0
2.0,2022,2412,汉森制药,2020.0
1.0,2019,300471,厚普股份,2018.0
1.0,2022,2412,汉森制药,2021.0
4.0,2021,2098,浔兴股份,2017.0
1.0,2020,2413,雷科防务,2019.0
3.0,2021,2098,浔兴股份,2018.0
2.0,2021,2418,康盛股份,2019.0
2.0,2021,2098,浔兴股份,2019.0
1.0,2021,2418,康盛股份,2020.0
3.0,2018,2420,毅昌股份,2015.0
1.0,2018,2420,毅昌股份,2017.0
2.0,2022,600462,ST 九有,2020.0
0.0,2018,2420,毅昌股份,2018.0
3.0,2021,2424,贵州百灵,2018.0
2.0,2021,2424,贵州百灵,2019.0
2.0,2022,300182,捷成股份,2020.0
1.0,2021,2424,贵州百灵,2020.0
3.0,2020,300288,朗玛信息,2017.0
0.0,2021,2424,贵州百灵,2021.0
2.0,2022,2515,金字火腿,2020.0
2.0,2021,2426,胜利精密,2019.0
5.0,2021,2427,ST 尤夫,2016.0
0.0,2022,2087,新野纺织,2022.0
4.0,2021,2427,ST 尤夫,2017.0
3.0,2021,2427,ST 尤夫,2018.0
2.0,2021,600152,维科技术,2019.0
5.0,2020,2429,兆驰股份,2015.0
4.0,2022,300449,汉邦高科,2018.0
4.0,2020,2429,兆驰股份,2016.0
3.0,2022,300449,汉邦高科,2019.0
3.0,2020,2429,兆驰股份,2017.0
2.0,2022,300449,汉邦高科,2020.0
2.0,2020,2429,兆驰股份,2018.0
1.0,2020,2429,兆驰股份,2019.0
1.0,2022,2431,棕榈股份,2021.0
0.0,2022,2431,棕榈股份,2022.0
2.0,2019,408,藏格控股,2017.0
0.0,2022,2432,九安医疗,2022.0
1.0,2019,408,藏格控股,2018.0
3.0,2022,2433,太安堂,2019.0
2.0,2020,2656,ST 摩登,2018.0
2.0,2022,2433,太安堂,2020.0
4.0,2022,523,广州浪奇,2018.0
3.0,2022,2435,长江健康,2019.0
3.0,2022,523,广州浪奇,2019.0
2.0,2022,2435,长江健康,2020.0
3.0,2020,600387,海越能源,2017.0
1.0,2017,2439,启明星辰,2016.0
5.0,2023,2442,龙星化工,2018.0
4.0,2023,2442,龙星化工,2019.0
1.0,2020,2213,大为股份,2019.0
3.0,2023,2442,龙星化工,2020.0
0.0,2021,571,ST 大洲,2021.0
2.0,2023,2442,龙星化工,2021.0
6.0,2022,300001,特锐德,2016.0
2.0,2020,2443,金洲管道,2018.0
5.0,2022,300001,特锐德,2017.0
1.0,2020,2443,金洲管道,2019.0
4.0,2022,300001,特锐德,2018.0
5.0,2022,2445,中南文化,2017.0
3.0,2022,300001,特锐德,2019.0
4.0,2022,2445,中南文化,2018.0
2.0,2022,300001,特锐德,2020.0
1.0,2018,2447,晨鑫科技,2017.0
4.0,2022,300325,*ST 德威,2018.0
4.0,2019,2450,*ST 康得,2015.0
3.0,2022,300325,*ST 德威,2019.0
3.0,2019,2450,*ST 康得,2016.0
2.0,2022,300325,*ST 德威,2020.0
2.0,2019,2450,*ST 康得,2017.0
1.0,2019,2450,*ST 康得,2018.0
1.0,2020,2451,摩恩电气,2019.0
1.0,2019,2452,长高集团,2018.0
1.0,2019,2456,欧菲光,2018.0
0.0,2017,2457,青龙管业,2017.0
1.0,2017,2460,赣锋锂业,2016.0
8.0,2021,892,欢瑞世纪,2013.0
1.0,2021,2464,*ST 众应,2020.0
7.0,2021,892,欢瑞世纪,2014.0
1.0,2020,2466,天齐锂业,2019.0
2.0,2018,2468,申通快递,2016.0
1.0,2018,2469,三维工程,2017.0
7.0,2022,2470,ST 金正,2015.0
2.0,2020,600321,ST 正源,2018.0
6.0,2022,2470,ST 金正,2016.0
5.0,2022,2470,ST 金正,2017.0
4.0,2022,2470,ST 金正,2018.0
3.0,2022,2470,ST 金正,2019.0
5.0,2022,2471,中超控股,2017.0
4.0,2022,2471,中超控股,2018.0
5.0,2020,300083,劲胜智能,2015.0
4.0,2019,2473,圣莱达,2015.0
4.0,2020,300083,劲胜智能,2016.0
3.0,2021,2475,立讯精密,2018.0
3.0,2020,300083,劲胜智能,2017.0
6.0,2022,2477,雏鹰退,2016.0
2.0,2020,300083,劲胜智能,2018.0
5.0,2022,2477,雏鹰退,2017.0
5.0,2019,300189,神农基因,2014.0
4.0,2022,2477,雏鹰退,2018.0
4.0,2019,300189,神农基因,2015.0
1.0,2022,2479,富春环保,2021.0
3.0,2019,300189,神农基因,2016.0
3.0,2023,2480,新筑股份,2020.0
2.0,2019,300189,神农基因,2017.0
1.0,2022,2483,润邦股份,2021.0
6.0,2021,300093,金刚玻璃,2015.0
0.0,2022,2483,润邦股份,2022.0
5.0,2022,2629,仁智股份,2017.0
1.0,2021,2484,江海股份,2020.0
1.0,2019,300742,越博动力,2018.0
1.0,2022,2485,*ST 雪发,2021.0
1.0,2018,2486,嘉麟杰,2017.0
0.0,2020,2488,金固股份,2020.0
1.0,2021,2490,山东墨龙,2020.0
4.0,2022,2491,通鼎互联,2018.0
5.0,2020,601099,太平洋,2015.0
3.0,2022,2491,通鼎互联,2019.0
4.0,2020,601099,太平洋,2016.0
2.0,2022,2491,通鼎互联,2020.0
2.0,2020,603895,天永智能,2018.0
1.0,2022,2491,通鼎互联,2021.0
4.0,2022,2759,天际股份,2018.0
0.0,2022,2491,通鼎互联,2022.0
3.0,2023,2493,荣盛石化,2020.0
1.0,2020,603778,乾景园林,2019.0
2.0,2023,2493,荣盛石化,2021.0
1.0,2021,300393,中来股份,2020.0
1.0,2018,2494,华斯股份,2017.0
1.0,2021,2496,ST 辉丰,2020.0
5.0,2023,663,永安林业,2018.0
4.0,2022,2499,*ST 科林,2018.0
4.0,2023,663,永安林业,2019.0
7.0,2022,2501,利源精制,2015.0
3.0,2023,663,永安林业,2020.0
6.0,2022,2501,利源精制,2016.0
5.0,2022,2501,利源精制,2017.0
2.0,2020,2535,*ST 林重,2018.0
4.0,2022,2501,利源精制,2018.0
1.0,2020,2535,*ST 林重,2019.0
1.0,2021,2502,鼎龙文化,2020.0
1.0,2019,300077,国民技术,2018.0
1.0,2021,2503,搜于特,2020.0
1.0,2019,806,ST 银河,2018.0
0.0,2021,2503,搜于特,2021.0
0.0,2017,2504,*ST 弘高,2017.0
1.0,2017,2505,大康农业,2016.0
7.0,2021,600594,益佰制药,2014.0
1.0,2017,2506,协鑫集成,2016.0
6.0,2021,600594,益佰制药,2015.0
1.0,2021,2509,天茂退,2020.0
5.0,2021,600594,益佰制药,2016.0
0.0,2021,2509,天茂退,2021.0
4.0,2021,600594,益佰制药,2017.0
0.0,2018,2511,中顺洁柔,2018.0
3.0,2021,600594,益佰制药,2018.0
2.0,2017,2512,达华智能,2015.0
2.0,2020,603976,正川股份,2018.0
1.0,2017,2512,达华智能,2016.0
4.0,2022,802,ST 北文,2018.0
4.0,2020,2513,*ST 蓝丰,2016.0
0.0,2021,2514,宝馨科技,2021.0
1.0,2020,300232,洲明科技,2019.0
1.0,2022,2515,金字火腿,2021.0
7.0,2021,600281,华阳新材,2014.0
3.0,2020,2517,恺英网络,2017.0
2.0,2020,2517,恺英网络,2018.0
1.0,2019,2520,日发精机,2018.0
0.0,2019,2520,日发精机,2019.0
1.0,2020,2522,浙江众成,2019.0
2.0,2022,2524,光正眼科,2020.0
1.0,2022,2524,光正眼科,2021.0
2.0,2019,2188,*ST 巴士,2017.0
5.0,2023,2529,海源复材,2018.0
4.0,2023,2529,海源复材,2019.0
3.0,2023,2529,海源复材,2020.0
1.0,2022,600804,鹏博士,2021.0
2.0,2023,2529,海源复材,2021.0
7.0,2021,2052,*ST 同洲,2014.0
0.0,2021,2530,金财互联,2021.0
6.0,2021,2052,*ST 同洲,2015.0
5.0,2021,2531,天顺风能,2016.0
5.0,2021,2052,*ST 同洲,2016.0
4.0,2021,2531,天顺风能,2017.0
0.0,2021,603315,福鞍股份,2021.0
3.0,2021,2531,天顺风能,2018.0
1.0,2019,2517,恺英网络,2018.0
2.0,2021,2531,天顺风能,2019.0
1.0,2021,2535,ST 林重,2020.0
1.0,2019,2537,海联金汇,2018.0
1.0,2021,600711,盛屯矿业,2020.0
0.0,2019,2537,海联金汇,2019.0
1.0,2021,601599,浙文影业,2020.0
1.0,2021,2542,中化岩土,2020.0
1.0,2019,300152,科融环境,2018.0
0.0,2021,2542,中化岩土,2021.0
3.0,2022,2543,万和电气,2019.0
1.0,2021,603822,嘉澳环保,2020.0
2.0,2022,2543,万和电气,2020.0
5.0,2022,300330,华虹计通,2017.0
1.0,2022,2543,万和电气,2021.0
4.0,2020,600666,ST 瑞德,2016.0
0.0,2022,2543,万和电气,2022.0
3.0,2020,600666,ST 瑞德,2017.0
3.0,2020,2544,杰赛科技,2017.0
2.0,2019,2629,仁智股份,2017.0
2.0,2020,2544,杰赛科技,2018.0
2.0,2019,820,神雾节能,2017.0
1.0,2018,2545,东方铁塔,2017.0
2.0,2020,2699,美盛文化,2018.0
0.0,2018,2545,东方铁塔,2018.0
2.0,2021,2547,春兴精工,2019.0
1.0,2020,2699,美盛文化,2019.0
3.0,2017,2548,金新农,2014.0
2.0,2020,300363,博腾股份,2018.0
1.0,2017,2548,金新农,2016.0
2.0,2022,2551,尚荣医疗,2020.0
1.0,2020,300363,博腾股份,2019.0
1.0,2022,2551,尚荣医疗,2021.0
7.0,2021,760,斯太退,2014.0
0.0,2022,2551,尚荣医疗,2022.0
6.0,2021,760,斯太退,2015.0
1.0,2018,2552,*ST 宝鼎,2017.0
2.0,2022,2554,惠博普,2020.0
1.0,2022,2554,惠博普,2021.0
3.0,2018,2555,三七互娱,2015.0
2.0,2018,2558,巨人网络,2016.0
1.0,2018,2558,巨人网络,2017.0
0.0,2018,2558,巨人网络,2018.0
1.0,2019,2560,通达股份,2018.0
0.0,2017,2564,天沃科技,2017.0
1.0,2021,2303,美盈森,2020.0
5.0,2017,2565,顺灏股份,2012.0
6.0,2021,2303,美盈森,2015.0
4.0,2017,2565,顺灏股份,2013.0
5.0,2021,2303,美盈森,2016.0
3.0,2017,2565,顺灏股份,2014.0
2.0,2021,2303,美盈森,2019.0
6.0,2017,2566,益盛药业,2011.0
5.0,2017,2566,益盛药业,2012.0
5.0,2022,2740,ST 爱迪尔,2017.0
4.0,2017,2566,益盛药业,2013.0
4.0,2022,2740,ST 爱迪尔,2018.0
3.0,2017,2566,益盛药业,2014.0
8.0,2022,2052,ST 同洲,2014.0
2.0,2017,2566,益盛药业,2015.0
7.0,2022,2052,ST 同洲,2015.0
1.0,2021,2568,百润股份,2020.0
6.0,2022,2052,ST 同洲,2016.0
2.0,2021,2569,ST 步森,2019.0
3.0,2022,2640,*ST 跨境,2019.0
1.0,2021,2569,ST 步森,2020.0
0.0,2021,2569,ST 步森,2021.0
1.0,2022,2640,*ST 跨境,2021.0
1.0,2021,2570,贝因美,2020.0
3.0,2018,636,风华高科,2015.0
1.0,2017,2571,*ST 德力,2016.0
5.0,2022,2574,明牌珠宝,2017.0
1.0,2018,636,风华高科,2017.0
4.0,2022,2574,明牌珠宝,2018.0
0.0,2018,636,风华高科,2018.0
3.0,2022,2574,明牌珠宝,2019.0
4.0,2020,2426,*ST 胜利,2016.0
2.0,2022,2574,明牌珠宝,2020.0
3.0,2020,2426,*ST 胜利,2017.0
1.0,2022,2574,明牌珠宝,2021.0
3.0,2022,2575,*ST 群兴,2019.0
2.0,2022,2575,*ST 群兴,2020.0
5.0,2021,2247,*ST 聚力,2016.0
2.0,2021,2578,闽发铝业,2019.0
4.0,2021,2247,*ST 聚力,2017.0
3.0,2021,2581,未名医药,2018.0
3.0,2021,2247,*ST 聚力,2018.0
2.0,2021,2581,未名医药,2019.0
2.0,2023,2582,好想你,2021.0
1.0,2019,2584,西陇科学,2018.0
3.0,2020,2256,兆新股份,2017.0
1.0,2020,2586,ST 围海,2019.0
2.0,2020,2256,兆新股份,2018.0
0.0,2020,2586,ST 围海,2020.0
6.0,2021,2450,康得退,2015.0
3.0,2021,2587,奥拓电子,2018.0
5.0,2021,2450,康得退,2016.0
2.0,2021,2587,奥拓电子,2019.0
4.0,2021,2450,康得退,2017.0
1.0,2021,2587,奥拓电子,2020.0
1.0,2020,2331,皖通科技,2019.0
0.0,2021,2587,奥拓电子,2021.0
3.0,2019,2589,瑞康医药,2016.0
2.0,2019,2589,瑞康医药,2017.0
2.0,2020,600251,冠农股份,2018.0
4.0,2017,2591,恒大高新,2013.0
6.0,2021,2450,*ST 康得,2015.0
3.0,2017,2591,恒大高新,2014.0
5.0,2021,2450,*ST 康得,2016.0
2.0,2017,2591,恒大高新,2015.0
4.0,2021,2450,*ST 康得,2017.0
1.0,2017,2591,恒大高新,2016.0
3.0,2021,2450,*ST 康得,2018.0
1.0,2020,2592,八菱科技,2019.0
1.0,2022,688177,百奥泰,2021.0
0.0,2020,2592,八菱科技,2020.0
1.0,2019,2599,盛通股份,2018.0
0.0,2019,2600,领益智造,2019.0
3.0,2020,663,永安林业,2017.0
0.0,2017,2602,世纪华通,2017.0
2.0,2020,663,永安林业,2018.0
6.0,2021,2604,龙力退,2015.0
6.0,2018,600730,中国高科,2012.0
5.0,2021,2604,龙力退,2016.0
4.0,2018,600730,中国高科,2014.0
4.0,2021,2604,龙力退,2017.0
3.0,2018,600730,中国高科,2015.0
3.0,2021,2604,龙力退,2018.0
2.0,2018,600730,中国高科,2016.0
2.0,2021,2607,中公教育,2019.0
2.0,2022,300367,ST 网力,2020.0
1.0,2021,2607,中公教育,2020.0
3.0,2020,2610,爱康科技,2017.0
2.0,2020,2610,爱康科技,2018.0
1.0,2020,2610,爱康科技,2019.0
4.0,2020,2611,东方精工,2016.0
2.0,2018,601011,宝泰隆,2016.0
3.0,2020,2611,东方精工,2017.0
4.0,2019,2399,海普瑞,2015.0
2.0,2020,2611,东方精工,2018.0
1.0,2020,2611,东方精工,2019.0
0.0,2020,2613,北玻股份,2020.0
3.0,2021,2614,奥佳华,2018.0
2.0,2021,2614,奥佳华,2019.0
3.0,2018,600892,大晟文化,2015.0
1.0,2021,2614,奥佳华,2020.0
2.0,2018,600892,大晟文化,2016.0
0.0,2021,2614,奥佳华,2021.0
1.0,2018,2615,哈尔斯,2017.0
2.0,2021,600084,ST 中葡,2019.0
2.0,2023,2617,露笑科技,2021.0
1.0,2020,300020,银江股份,2019.0
1.0,2023,2617,露笑科技,2022.0
0.0,2020,300020,银江股份,2020.0
1.0,2021,2618,*ST 丹邦,2020.0
4.0,2021,600734,*ST 实达,2017.0
3.0,2021,2619,*ST 艾格,2018.0
3.0,2021,600734,*ST 实达,2018.0
2.0,2021,2619,*ST 艾格,2019.0
2.0,2021,600734,*ST 实达,2019.0
1.0,2021,2619,*ST 艾格,2020.0
0.0,2018,2622,融钰集团,2018.0
1.0,2022,100,TCL科技,2021.0
1.0,2020,2623,亚玛顿,2019.0
3.0,2022,2625,光启技术,2019.0
2.0,2022,2625,光启技术,2020.0
1.0,2017,2627,宜昌交运,2016.0
3.0,2021,2450,康得退,2018.0
4.0,2018,2628,成都路桥,2014.0
2.0,2018,600227,赤天化,2016.0
3.0,2018,2628,成都路桥,2015.0
2.0,2022,603863,ST 松炀,2020.0
2.0,2018,2628,成都路桥,2016.0
7.0,2022,300104,乐视退,2015.0
1.0,2021,2629,ST 仁智,2020.0
6.0,2022,300104,乐视退,2016.0
0.0,2021,2629,ST 仁智,2021.0
3.0,2020,2529,*ST 海源,2017.0
1.0,2020,2630,华西能源,2019.0
2.0,2020,2529,*ST 海源,2018.0
3.0,2018,2633,申科股份,2015.0
3.0,2019,603630,拉芳家化,2016.0
1.0,2018,2635,安洁科技,2017.0
2.0,2019,603630,拉芳家化,2017.0
4.0,2019,2637,赞宇科技,2015.0
2.0,2021,300257,开山股份,2019.0
3.0,2019,2637,赞宇科技,2016.0
1.0,2021,300257,开山股份,2020.0
1.0,2019,2637,赞宇科技,2018.0
3.0,2022,2647,仁东控股,2019.0
5.0,2022,2638,勤上股份,2017.0
2.0,2022,2647,仁东控股,2020.0
4.0,2022,2638,勤上股份,2018.0
3.0,2022,2638,勤上股份,2019.0
2.0,2022,2638,勤上股份,2020.0
5.0,2021,663,*ST 永林,2016.0
1.0,2022,2638,勤上股份,2021.0
4.0,2021,663,*ST 永林,2017.0
4.0,2020,2639,雪人股份,2016.0
1.0,2022,688002,睿创微纳,2021.0
3.0,2020,2639,雪人股份,2017.0
2.0,2022,2502,鼎龙文化,2020.0
2.0,2020,2639,雪人股份,2018.0
7.0,2021,2069,獐子岛,2014.0
1.0,2021,2640,*ST 跨境,2020.0
6.0,2021,2069,獐子岛,2015.0
5.0,2021,2642,荣联科技,2016.0
5.0,2021,2069,獐子岛,2016.0
4.0,2021,2642,荣联科技,2017.0
4.0,2021,2069,獐子岛,2017.0
3.0,2021,2642,荣联科技,2018.0
1.0,2021,2647,仁东控股,2020.0
7.0,2021,760,*ST 斯太,2014.0
0.0,2021,2647,仁东控股,2021.0
6.0,2021,760,*ST 斯太,2015.0
0.0,2021,2648,卫星化学,2021.0
5.0,2021,760,*ST 斯太,2016.0
1.0,2020,2650,ST 加加,2019.0
4.0,2021,760,*ST 斯太,2017.0
1.0,2021,2652,扬子新材,2020.0
3.0,2021,760,*ST 斯太,2018.0
4.0,2020,2653,海思科,2016.0
2.0,2021,760,*ST 斯太,2019.0
2.0,2020,2653,海思科,2018.0
1.0,2021,760,*ST 斯太,2020.0
0.0,2020,2653,海思科,2020.0
1.0,2019,2654,万润科技,2018.0
0.0,2019,2654,万润科技,2019.0
5.0,2022,300340,科恒股份,2017.0
2.0,2023,2655,共达电声,2021.0
1.0,2019,2134,天津普林,2018.0
1.0,2023,2655,共达电声,2022.0
3.0,2021,2656,ST 摩登,2018.0
3.0,2023,601727,上海电气,2020.0
2.0,2021,2656,ST 摩登,2019.0
2.0,2022,600540,新赛股份,2020.0
1.0,2018,2657,中科金财,2017.0
2.0,2021,2329,皇氏集团,2019.0
0.0,2018,2657,中科金财,2018.0
2.0,2017,2661,克明面业,2015.0
2.0,2020,2662,京威股份,2018.0
5.0,2021,2663,普邦股份,2016.0
1.0,2020,300117,嘉寓股份,2019.0
4.0,2021,2663,普邦股份,2017.0
3.0,2021,2663,普邦股份,2018.0
1.0,2022,2665,首航高科,2021.0
1.0,2019,600712,南宁百货,2018.0
4.0,2017,2667,鞍重股份,2013.0
3.0,2017,2667,鞍重股份,2014.0
2.0,2020,2502,鼎龙文化,2018.0
2.0,2017,2667,鞍重股份,2015.0
5.0,2021,2426,胜利精密,2016.0
1.0,2017,2667,鞍重股份,2016.0
4.0,2021,2426,胜利精密,2017.0
4.0,2021,2668,ST 奥马,2017.0
3.0,2021,2426,胜利精密,2018.0
3.0,2021,2668,ST 奥马,2018.0
5.0,2020,680,山推股份,2015.0
2.0,2021,2668,ST 奥马,2019.0
4.0,2020,820,*ST 节能,2016.0
1.0,2021,2668,ST 奥马,2020.0
3.0,2020,820,*ST 节能,2017.0
4.0,2021,2670,国盛金控,2017.0
2.0,2020,820,*ST 节能,2018.0
3.0,2021,2670,国盛金控,2018.0
2.0,2021,2670,国盛金控,2019.0
0.0,2018,2672,东江环保,2018.0
3.0,2018,2673,西部证券,2015.0
1.0,2019,2072,*ST 凯瑞,2018.0
2.0,2018,2673,西部证券,2016.0
4.0,2020,2341,新纶科技,2016.0
0.0,2018,2675,东诚药业,2018.0
3.0,2020,2341,新纶科技,2017.0
3.0,2017,2676,顺威股份,2014.0
2.0,2020,2341,新纶科技,2018.0
2.0,2017,2676,顺威股份,2015.0
1.0,2017,2676,顺威股份,2016.0
0.0,2017,2676,顺威股份,2017.0
5.0,2017,2679,福建金森,2012.0
4.0,2017,2679,福建金森,2013.0
5.0,2020,603010,万盛股份,2015.0
3.0,2017,2679,福建金森,2014.0
4.0,2020,603010,万盛股份,2016.0
3.0,2018,2680,ST 长生,2015.0
3.0,2020,603010,万盛股份,2017.0
2.0,2018,2680,ST 长生,2016.0
2.0,2021,603603,博天环境,2019.0
1.0,2018,2680,ST 长生,2017.0
3.0,2022,600730,中国高科,2019.0
2.0,2021,2681,*ST 奋达,2019.0
2.0,2022,600730,中国高科,2020.0
2.0,2021,2682,龙洲股份,2019.0
1.0,2022,600730,中国高科,2021.0
1.0,2021,2682,龙洲股份,2020.0
1.0,2017,2683,宏大爆破,2016.0
2.0,2020,2684,*ST 猛狮,2018.0
1.0,2020,300387,富邦股份,2019.0
1.0,2022,2688,金河生物,2021.0
4.0,2023,2689,远大智能,2019.0
4.0,2018,300028,金亚科技,2014.0
3.0,2023,2689,远大智能,2020.0
0.0,2020,587,*ST 金洲,2020.0
2.0,2023,2689,远大智能,2021.0
3.0,2021,600586,金晶科技,2018.0
1.0,2023,2689,远大智能,2022.0
2.0,2021,600586,金晶科技,2019.0
3.0,2022,2691,冀凯股份,2019.0
2.0,2022,2691,冀凯股份,2020.0
1.0,2022,2691,冀凯股份,2021.0
3.0,2020,2692,ST 远程,2017.0
3.0,2022,600152,维科技术,2019.0
2.0,2020,2692,ST 远程,2018.0
2.0,2022,600152,维科技术,2020.0
3.0,2019,2694,顾地科技,2016.0
2.0,2019,2694,顾地科技,2017.0
2.0,2021,2699,美盛文化,2019.0
4.0,2020,300173,智慧松德,2016.0
1.0,2021,2699,美盛文化,2020.0
3.0,2020,300173,智慧松德,2017.0
0.0,2021,2699,美盛文化,2021.0
1.0,2018,2700,新疆浩源,2017.0
0.0,2018,2700,新疆浩源,2018.0
2.0,2020,2701,奥瑞金,2018.0
5.0,2021,2766,ST 索菱,2016.0
1.0,2017,2708,光洋股份,2016.0
4.0,2021,2766,ST 索菱,2017.0
3.0,2021,2711,欧浦退,2018.0
3.0,2021,2766,ST 索菱,2018.0
1.0,2019,2712,思美传媒,2018.0
0.0,2019,2715,登云股份,2019.0
1.0,2020,2716,*ST 金贵,2019.0
2.0,2021,2719,*ST 麦趣,2019.0
1.0,2021,2719,*ST 麦趣,2020.0
1.0,2021,600152,维科技术,2020.0
0.0,2021,2719,*ST 麦趣,2021.0
2.0,2019,2813,路畅科技,2017.0
2.0,2020,2721,金一文化,2018.0
1.0,2019,2813,路畅科技,2018.0
1.0,2017,2723,金莱特,2016.0
0.0,2021,2726,龙大肉食,2021.0
1.0,2022,2729,好利科技,2021.0
0.0,2022,2729,好利科技,2022.0
7.0,2021,300310,宜通世纪,2014.0
5.0,2020,2731,萃华珠宝,2015.0
6.0,2021,300310,宜通世纪,2015.0
4.0,2020,2731,萃华珠宝,2016.0
5.0,2021,300310,宜通世纪,2016.0
1.0,2023,2733,雄韬股份,2022.0
3.0,2020,300273,和佳医疗,2017.0
0.0,2023,2733,雄韬股份,2023.0
2.0,2020,300273,和佳医疗,2018.0
3.0,2019,2736,国信证券,2016.0
1.0,2020,300273,和佳医疗,2019.0
3.0,2021,2738,中矿资源,2018.0
2.0,2021,2738,中矿资源,2019.0
1.0,2021,2738,中矿资源,2020.0
0.0,2021,2738,中矿资源,2021.0
3.0,2022,300176,派生科技,2019.0
0.0,2023,2739,万达电影,2023.0
3.0,2021,2740,爱迪尔,2018.0
1.0,2022,2742,三圣股份,2021.0
5.0,2019,2721,金一文化,2014.0
0.0,2022,2742,三圣股份,2022.0
5.0,2018,600680,*ST 上普,2013.0
2.0,2018,2745,木林森,2016.0
3.0,2018,600680,*ST 上普,2015.0
1.0,2018,2745,木林森,2017.0
2.0,2018,600680,*ST 上普,2016.0
0.0,2018,2745,木林森,2018.0
7.0,2022,300237,美晨生态,2015.0
1.0,2021,2748,世龙实业,2020.0
6.0,2022,300237,美晨生态,2016.0
0.0,2021,2748,世龙实业,2021.0
5.0,2022,300237,美晨生态,2017.0
2.0,2020,2750,龙津药业,2018.0
4.0,2022,300237,美晨生态,2018.0
1.0,2020,2750,龙津药业,2019.0
3.0,2022,300237,美晨生态,2019.0
4.0,2023,2751,*ST 易尚,2019.0
2.0,2022,300237,美晨生态,2020.0
3.0,2023,2751,*ST 易尚,2020.0
2.0,2023,2751,*ST 易尚,2021.0
2.0,2022,2759,天际股份,2020.0
1.0,2022,2759,天际股份,2021.0
15.0,2022,300104,乐视退,2007.0
4.0,2023,2760,凤形股份,2019.0
14.0,2022,300104,乐视退,2008.0
3.0,2023,2760,凤形股份,2020.0
13.0,2022,300104,乐视退,2009.0
2.0,2023,2760,凤形股份,2021.0
6.0,2022,38,*ST 大通,2016.0
1.0,2023,2760,凤形股份,2022.0
5.0,2022,38,*ST 大通,2017.0
1.0,2021,2765,蓝黛科技,2020.0
6.0,2021,300159,新研股份,2015.0
0.0,2021,2765,蓝黛科技,2021.0
5.0,2021,300159,新研股份,2016.0
5.0,2021,2766,*ST 索菱,2016.0
4.0,2021,300159,新研股份,2017.0
4.0,2021,2766,*ST 索菱,2017.0
3.0,2021,300159,新研股份,2018.0
3.0,2021,2766,*ST 索菱,2018.0
2.0,2021,300159,新研股份,2019.0
1.0,2018,2767,先锋电子,2017.0
5.0,2021,2770,*ST 科迪,2016.0
5.0,2022,2370,亚太药业,2017.0
4.0,2021,2770,*ST 科迪,2017.0
4.0,2022,2370,亚太药业,2018.0
3.0,2021,2770,*ST 科迪,2018.0
6.0,2018,300014,亿纬锂能,2012.0
2.0,2021,2770,*ST 科迪,2019.0
1.0,2020,300340,科恒股份,2019.0
0.0,2021,2771,真视通,2021.0
2.0,2022,603300,华铁应急,2020.0
1.0,2021,2773,康弘药业,2020.0
8.0,2019,600078,澄星股份,2011.0
9.0,2021,2776,ST 柏龙,2012.0
7.0,2019,600078,澄星股份,2012.0
8.0,2021,2776,ST 柏龙,2013.0
6.0,2019,600078,澄星股份,2013.0
7.0,2021,2776,ST 柏龙,2014.0
6.0,2021,2776,ST 柏龙,2015.0
5.0,2021,2776,ST 柏龙,2016.0
4.0,2021,2776,ST 柏龙,2017.0
3.0,2021,2776,ST 柏龙,2018.0
4.0,2020,300273,和佳医疗,2016.0
2.0,2021,2776,ST 柏龙,2019.0
1.0,2021,2776,ST 柏龙,2020.0
0.0,2021,2776,ST 柏龙,2021.0
1.0,2021,2780,三夫户外,2020.0
6.0,2021,410,*ST 沈机,2015.0
1.0,2020,2781,奇信股份,2019.0
5.0,2021,410,*ST 沈机,2016.0
1.0,2022,2782,可立克,2021.0
4.0,2021,410,*ST 沈机,2017.0
1.0,2018,2785,万里石,2017.0
3.0,2021,410,*ST 沈机,2018.0
1.0,2019,2788,鹭燕医药,2018.0
4.0,2020,2789,建艺集团,2016.0
3.0,2020,2789,建艺集团,2017.0
4.0,2021,2792,通宇通讯,2017.0
3.0,2021,2792,通宇通讯,2018.0
4.0,2020,603630,拉芳家化,2016.0
2.0,2021,2792,通宇通讯,2019.0
3.0,2020,603630,拉芳家化,2017.0
3.0,2021,2798,帝欧家居,2018.0
2.0,2020,603630,拉芳家化,2018.0
1.0,2021,2803,吉宏股份,2020.0
3.0,2021,300178,腾邦国际,2018.0
0.0,2021,2803,吉宏股份,2021.0
2.0,2022,600965,福成股份,2020.0
1.0,2023,2806,华锋股份,2022.0
1.0,2022,2808,恒久科技,2021.0
0.0,2022,2808,恒久科技,2022.0
1.0,2021,2813,路畅科技,2020.0
5.0,2021,600338,西藏珠峰,2016.0
2.0,2022,2816,和科达,2020.0
2.0,2021,300405,科隆股份,2019.0
1.0,2022,2816,和科达,2021.0
3.0,2021,300094,国联水产,2018.0
4.0,2022,2822,中装建设,2018.0
2.0,2021,300094,国联水产,2019.0
3.0,2022,2822,中装建设,2019.0
1.0,2022,603869,新智认知,2021.0
1.0,2022,2822,中装建设,2021.0
0.0,2020,2823,凯中精密,2020.0
0.0,2022,2825,纳尔股份,2022.0
1.0,2022,2828,贝肯能源,2021.0
0.0,2022,2828,贝肯能源,2022.0
2.0,2022,2832,比音勒芬,2020.0
5.0,2021,687,*ST 华讯,2016.0
1.0,2022,2832,比音勒芬,2021.0
4.0,2021,687,*ST 华讯,2017.0
2.0,2021,2836,新宏泽,2019.0
3.0,2021,687,*ST 华讯,2018.0
1.0,2022,2840,华统股份,2021.0
0.0,2022,2845,同兴达,2022.0
0.0,2022,2847,盐津铺子,2022.0
3.0,2019,600518,ST 康美,2016.0
1.0,2018,2848,高斯贝尔,2017.0
2.0,2019,600518,ST 康美,2017.0
1.0,2023,2852,道道全,2022.0
1.0,2019,600518,ST 康美,2018.0
3.0,2022,2856,美芝股份,2019.0
2.0,2021,300464,星徽股份,2019.0
2.0,2022,2856,美芝股份,2020.0
1.0,2021,300464,星徽股份,2020.0
1.0,2022,2856,美芝股份,2021.0
2.0,2022,600804,ST 鹏博士,2020.0
2.0,2019,2869,金溢科技,2017.0
2.0,2022,700,模塑科技,2020.0
1.0,2019,2869,金溢科技,2018.0
1.0,2022,2776,ST 柏龙,2021.0
0.0,2019,2869,金溢科技,2019.0
4.0,2020,2872,*ST 天圣,2016.0
6.0,2018,601377,兴业证券,2012.0
3.0,2020,2872,*ST 天圣,2017.0
2.0,2019,300331,苏大维格,2017.0
2.0,2020,2872,*ST 天圣,2018.0
1.0,2019,300331,苏大维格,2018.0
1.0,2023,2875,安奈儿,2022.0
2.0,2022,2885,京泉华,2020.0
3.0,2022,2893,华通热力,2019.0
2.0,2022,2893,华通热力,2020.0
1.0,2022,2893,华通热力,2021.0
1.0,2022,2915,中欣氟材,2021.0
2.0,2019,506,中润资源,2017.0
1.0,2022,2919,名臣健康,2021.0
2.0,2021,600146,*ST 环球,2019.0
3.0,2018,2926,华西证券,2015.0
2.0,2022,601727,上海电气,2020.0
2.0,2018,2926,华西证券,2016.0
2.0,2020,2260,*ST 德奥,2018.0
1.0,2019,2927,泰永长征,2018.0
1.0,2020,2260,*ST 德奥,2019.0
2.0,2023,2928,华夏航空,2021.0
1.0,2018,587,金洲慈航,2017.0
5.0,2021,2943,宇晶股份,2016.0
5.0,2020,600830,香溢融通,2015.0
0.0,2021,2956,西麦食品,2021.0
4.0,2020,600830,香溢融通,2016.0
1.0,2022,2957,科瑞技术,2021.0
3.0,2020,600830,香溢融通,2017.0
3.0,2022,2960,青鸟消防,2019.0
2.0,2020,600830,香溢融通,2018.0
2.0,2022,2960,青鸟消防,2020.0
1.0,2022,2960,青鸟消防,2021.0
4.0,2020,663,*ST 永林,2016.0
0.0,2022,2960,青鸟消防,2022.0
3.0,2020,663,*ST 永林,2017.0
3.0,2023,2962,五方光电,2020.0
3.0,2020,600847,万里股份,2017.0
2.0,2023,2962,五方光电,2021.0
2.0,2020,600847,万里股份,2018.0
1.0,2023,2962,五方光电,2022.0
1.0,2020,600847,万里股份,2019.0
1.0,2020,2970,锐明技术,2019.0
4.0,2020,2984,森麒麟,2016.0
2.0,2021,410,*ST 沈机,2019.0
3.0,2020,2984,森麒麟,2017.0
2.0,2020,2984,森麒麟,2018.0
3.0,2022,300393,中来股份,2019.0
1.0,2021,2992,宝明科技,2020.0
1.0,2023,3004,声迅股份,2022.0
1.0,2022,3012,东鹏控股,2021.0
0.0,2021,3017,大洋生物,2021.0
3.0,2020,200168,*ST 舜喆B,2017.0
5.0,2022,200468,宁通信B,2017.0
1.0,2021,2411,延安必康,2020.0
4.0,2022,200468,宁通信B,2018.0
0.0,2021,2411,延安必康,2021.0
3.0,2022,200468,宁通信B,2019.0
2.0,2021,300001,特锐德,2019.0
4.0,2020,300004,南风股份,2016.0
3.0,2020,300004,南风股份,2017.0
2.0,2020,300004,南风股份,2018.0
1.0,2017,300006,莱美药业,2016.0
8.0,2021,300008,天海防务,2013.0
6.0,2021,300008,天海防务,2015.0
4.0,2018,300269,联建光电,2014.0
4.0,2021,300008,天海防务,2017.0
3.0,2018,300269,联建光电,2015.0
3.0,2021,300008,天海防务,2018.0
2.0,2018,300269,联建光电,2016.0
3.0,2021,300010,豆神教育,2018.0
1.0,2018,300269,联建光电,2017.0
2.0,2021,300010,豆神教育,2019.0
4.0,2019,600321,*ST 正源,2015.0
1.0,2021,300010,豆神教育,2020.0
3.0,2019,600321,*ST 正源,2016.0
5.0,2021,300013,新宁物流,2016.0
2.0,2019,600321,*ST 正源,2017.0
4.0,2021,300013,新宁物流,2017.0
3.0,2021,300013,新宁物流,2018.0
3.0,2020,600086,*ST 金钰,2017.0
2.0,2021,300013,新宁物流,2019.0
3.0,2021,300020,银江股份,2018.0
1.0,2020,670,*ST 盈方,2019.0
2.0,2021,300020,银江股份,2019.0
3.0,2019,600256,广汇能源,2016.0
1.0,2021,300020,银江股份,2020.0
5.0,2022,601020,华钰矿业,2017.0
0.0,2021,300022,吉峰科技,2021.0
4.0,2022,601020,华钰矿业,2018.0
2.0,2017,300023,宝德股份,2015.0
1.0,2017,300023,宝德股份,2016.0
1.0,2021,300024,机器人,2020.0
1.0,2018,300025,华星创业,2017.0
0.0,2020,300026,红日药业,2020.0
6.0,2018,2538,司尔特,2012.0
1.0,2022,300027,华谊兄弟,2021.0
3.0,2017,300028,金亚科技,2014.0
6.0,2018,600289,*ST 信通,2012.0
2.0,2017,300028,金亚科技,2015.0
5.0,2018,600289,*ST 信通,2013.0
3.0,2021,300029,*ST 天龙,2018.0
4.0,2018,600289,*ST 信通,2014.0
1.0,2021,300029,*ST 天龙,2020.0
3.0,2018,600289,*ST 信通,2015.0
0.0,2021,300029,*ST 天龙,2021.0
2.0,2018,600289,*ST 信通,2016.0
0.0,2020,300031,宝通科技,2020.0
3.0,2021,300032,金龙机电,2018.0
9.0,2022,892,欢瑞世纪,2013.0
2.0,2021,300032,金龙机电,2019.0
8.0,2022,892,欢瑞世纪,2014.0
1.0,2021,300032,金龙机电,2020.0
7.0,2022,892,欢瑞世纪,2015.0
0.0,2017,300033,同花顺,2017.0
3.0,2020,300037,新宙邦,2017.0
2.0,2020,300037,新宙邦,2018.0
1.0,2020,300037,新宙邦,2019.0
2.0,2021,300038,ST 数知,2019.0
0.0,2019,300041,回天新材,2019.0
2.0,2017,300042,朗科科技,2015.0
2.0,2022,300043,星辉娱乐,2020.0
1.0,2021,300044,*ST 赛为,2020.0
1.0,2022,300047,天源迪科,2021.0
3.0,2021,300048,合康新能,2018.0
2.0,2021,300048,合康新能,2019.0
3.0,2019,600227,圣济堂,2016.0
1.0,2021,300048,合康新能,2020.0
5.0,2022,300050,世纪鼎利,2017.0
3.0,2022,300050,世纪鼎利,2019.0
3.0,2020,835,长城动漫,2017.0
2.0,2022,300050,世纪鼎利,2020.0
2.0,2022,688020,方邦股份,2020.0
2.0,2017,300051,三五互联,2015.0
1.0,2022,688020,方邦股份,2021.0
1.0,2017,300051,三五互联,2016.0
0.0,2017,300051,三五互联,2017.0
0.0,2022,300052,中青宝,2022.0
4.0,2022,300053,欧比特,2018.0
2.0,2020,300242,佳云科技,2018.0
0.0,2022,300053,欧比特,2022.0
6.0,2022,2426,胜利精密,2016.0
3.0,2019,300054,鼎龙股份,2016.0
5.0,2022,2426,胜利精密,2017.0
2.0,2019,300054,鼎龙股份,2017.0
4.0,2022,2426,胜利精密,2018.0
2.0,2019,300055,万邦达,2017.0
1.0,2021,300410,正业科技,2020.0
1.0,2019,300055,万邦达,2018.0
5.0,2021,300094,国联水产,2016.0
3.0,2019,300056,三维丝,2016.0
4.0,2021,300094,国联水产,2017.0
2.0,2017,300058,蓝色光标,2015.0
2.0,2022,300061,旗天科技,2020.0
1.0,2022,300061,旗天科技,2021.0
1.0,2018,600651,飞乐音响,2017.0
1.0,2018,300062,中能电气,2017.0
2.0,2020,2512,达华智能,2018.0
3.0,2021,300063,天龙集团,2018.0
1.0,2020,2512,达华智能,2019.0
2.0,2021,300063,天龙集团,2019.0
1.0,2021,300063,天龙集团,2020.0
4.0,2021,300064,*ST 金刚,2017.0
3.0,2021,300064,*ST 金刚,2018.0
2.0,2021,300064,*ST 金刚,2019.0
1.0,2021,300064,*ST 金刚,2020.0
1.0,2021,300068,南都电源,2020.0
2.0,2022,300069,金利华电,2020.0
1.0,2022,300069,金利华电,2021.0
1.0,2021,300070,碧水源,2020.0
2.0,2020,300071,华谊嘉信,2018.0
4.0,2020,300072,三聚环保,2016.0
5.0,2021,300074,华平股份,2016.0
4.0,2021,300074,华平股份,2017.0
7.0,2022,2500,山西证券,2015.0
3.0,2021,300074,华平股份,2018.0
3.0,2021,2291,星期六,2018.0
1.0,2017,300076,GQY视讯,2016.0
2.0,2021,2291,星期六,2019.0
4.0,2021,300077,国民技术,2017.0
3.0,2018,600318,新力金融,2015.0
0.0,2020,300078,思创医惠,2020.0
5.0,2019,300079,数码科技,2014.0
3.0,2020,2629,*ST 仁智,2017.0
0.0,2021,300080,易成新能,2021.0
4.0,2021,2329,皇氏集团,2017.0
2.0,2020,300081,恒信东方,2018.0
3.0,2021,2329,皇氏集团,2018.0
3.0,2022,300083,创世纪,2019.0
0.0,2021,688051,佳华科技,2021.0
2.0,2022,300083,创世纪,2020.0
3.0,2019,600525,长园集团,2016.0
1.0,2022,300083,创世纪,2021.0
2.0,2019,600525,长园集团,2017.0
1.0,2022,300084,海默科技,2021.0
3.0,2022,300526,中潜股份,2019.0
1.0,2020,300085,银之杰,2019.0
1.0,2019,300086,康芝药业,2018.0
4.0,2018,300087,荃银高科,2014.0
3.0,2018,300087,荃银高科,2015.0
2.0,2018,300087,荃银高科,2016.0
2.0,2023,2499,*ST 科林,2021.0
1.0,2020,300089,文化长城,2019.0
4.0,2020,600525,长园集团,2016.0
0.0,2020,300089,文化长城,2020.0
3.0,2020,600525,长园集团,2017.0
5.0,2021,300090,盛运退,2016.0
0.0,2017,300092,科新机电,2017.0
6.0,2022,300093,金刚玻璃,2016.0
5.0,2022,300093,金刚玻璃,2017.0
4.0,2022,300093,金刚玻璃,2018.0
1.0,2020,300094,国联水产,2019.0
2.0,2021,2663,普邦股份,2019.0
3.0,2019,18,神州长城,2016.0
2.0,2019,18,神州长城,2017.0
5.0,2019,300189,神农科技,2014.0
4.0,2019,300189,神农科技,2015.0
3.0,2019,300189,神农科技,2016.0
3.0,2022,2759,天际股份,2019.0
8.0,2023,2501,利源精制,2015.0
7.0,2023,2501,利源精制,2016.0
6.0,2023,2501,利源精制,2017.0
5.0,2023,2501,利源精制,2018.0
6.0,2019,693,*ST 华泽,2013.0
5.0,2019,693,*ST 华泽,2014.0
6.0,2020,600281,太化股份,2014.0
5.0,2020,2450,*ST 康得,2015.0
4.0,2020,2450,*ST 康得,2016.0
3.0,2020,2450,*ST 康得,2017.0
2.0,2020,2450,*ST 康得,2018.0
4.0,2019,670,*ST 盈方,2015.0
3.0,2021,300530,达志科技,2018.0
2.0,2021,300530,达志科技,2019.0
2.0,2019,971,*ST 高升,2017.0
1.0,2019,971,*ST 高升,2018.0
8.0,2021,300096,易联众,2013.0
7.0,2021,300096,易联众,2014.0
6.0,2021,300096,易联众,2015.0
2.0,2022,300089,ST 文化,2020.0
5.0,2020,603111,康尼机电,2015.0
4.0,2020,603111,康尼机电,2016.0
3.0,2020,603111,康尼机电,2017.0
5.0,2020,2473,ST 圣莱,2015.0
4.0,2020,2473,ST 圣莱,2016.0
4.0,2019,300131,英唐智控,2015.0
3.0,2019,300131,英唐智控,2016.0
2.0,2019,300131,英唐智控,2017.0
2.0,2022,600835,上海机电,2020.0
3.0,2021,300424,航新科技,2018.0
2.0,2021,300424,航新科技,2019.0
1.0,2021,300424,航新科技,2020.0
3.0,2018,511,*ST 烯碳,2015.0
3.0,2018,2490,*ST 墨龙,2015.0
2.0,2018,2490,*ST 墨龙,2016.0
3.0,2019,600706,曲江文旅,2016.0
5.0,2022,2740,爱迪尔,2017.0
4.0,2022,2740,爱迪尔,2018.0
2.0,2020,300089,文化长城,2018.0
2.0,2019,600112,ST 天成,2017.0
1.0,2019,600112,ST 天成,2018.0
1.0,2021,603268,松发股份,2020.0
0.0,2021,603268,松发股份,2021.0
3.0,2022,600242,*ST 中昌,2019.0
1.0,2018,600382,广东明珠,2017.0
1.0,2022,688388,嘉元科技,2021.0
8.0,2019,600293,三峡新材,2011.0
7.0,2019,600293,三峡新材,2012.0
2.0,2023,300506,名家汇,2021.0
5.0,2022,300008,天海防务,2017.0
5.0,2020,2496,*ST 辉丰,2015.0
5.0,2020,10,美丽生态,2015.0
2.0,2021,600260,凯乐科技,2019.0
2.0,2020,600083,*ST 博信,2018.0
2.0,2022,600532,ST 未来,2020.0
1.0,2022,600532,ST 未来,2021.0
4.0,2022,600589,ST 榕泰,2018.0
5.0,2021,892,欢瑞世纪,2016.0
7.0,2019,600227,圣济堂,2012.0
4.0,2019,600227,圣济堂,2015.0
2.0,2019,600227,圣济堂,2017.0
1.0,2019,600227,圣济堂,2018.0
6.0,2018,600421,ST 仰帆,2012.0
2.0,2021,603157,*ST 拉夏,2019.0
1.0,2021,603157,*ST 拉夏,2020.0
0.0,2021,603157,*ST 拉夏,2021.0
5.0,2022,662,天夏退,2017.0
4.0,2022,662,天夏退,2018.0
1.0,2020,2473,ST 圣莱,2019.0
0.0,2020,2473,ST 圣莱,2020.0
6.0,2022,600260,*ST 凯乐,2016.0
5.0,2022,600260,*ST 凯乐,2017.0
4.0,2022,600260,*ST 凯乐,2018.0
3.0,2022,600260,*ST 凯乐,2019.0
2.0,2022,600260,*ST 凯乐,2020.0
3.0,2022,603268,松发股份,2019.0
2.0,2022,603268,松发股份,2020.0
1.0,2022,603268,松发股份,2021.0
5.0,2021,300008,天海防务,2016.0
5.0,2020,636,风华高科,2015.0
4.0,2020,636,风华高科,2016.0
9.0,2022,300505,川金诺,2013.0
8.0,2022,300505,川金诺,2014.0
7.0,2022,300505,川金诺,2015.0
6.0,2022,300505,川金诺,2016.0
5.0,2022,300505,川金诺,2017.0
4.0,2022,300505,川金诺,2018.0
2.0,2020,600666,ST 瑞德,2018.0
1.0,2019,600830,香溢融通,2018.0
1.0,2019,2742,三圣股份,2018.0
3.0,2021,300325,*ST 德威,2018.0
2.0,2021,300325,*ST 德威,2019.0
1.0,2021,300325,*ST 德威,2020.0
3.0,2021,2005,ST 德豪,2018.0
2.0,2021,2005,ST 德豪,2019.0
8.0,2019,2181,粤传媒,2011.0
7.0,2019,2181,粤传媒,2012.0
6.0,2019,2181,粤传媒,2013.0
5.0,2019,2181,粤传媒,2014.0
5.0,2021,600807,济南高新,2016.0
4.0,2021,600807,济南高新,2017.0
6.0,2022,600816,ST 安信,2016.0
5.0,2022,600816,ST 安信,2017.0
3.0,2022,600816,ST 安信,2019.0
2.0,2022,600816,ST 安信,2020.0
1.0,2022,600816,ST 安信,2021.0
3.0,2021,2836,新宏泽,2018.0
5.0,2021,600978,*ST 宜生,2016.0
4.0,2021,600978,*ST 宜生,2017.0
3.0,2021,600978,*ST 宜生,2018.0
2.0,2021,600978,*ST 宜生,2019.0
5.0,2022,300313,ST 天山,2017.0
4.0,2022,300313,ST 天山,2018.0
4.0,2019,636,风华高科,2015.0
3.0,2019,636,风华高科,2016.0
2.0,2019,636,风华高科,2017.0
1.0,2019,636,风华高科,2018.0
4.0,2021,2586,*ST 围海,2017.0
3.0,2021,2586,*ST 围海,2018.0
2.0,2021,2586,*ST 围海,2019.0
1.0,2021,2586,*ST 围海,2020.0
0.0,2021,2586,*ST 围海,2021.0
7.0,2020,300216,千山退,2013.0
5.0,2020,300216,千山退,2015.0
4.0,2020,300216,千山退,2016.0
3.0,2020,300216,千山退,2017.0
2.0,2020,300216,千山退,2018.0
1.0,2020,300216,千山退,2019.0
1.0,2020,2249,大洋电机,2019.0
2.0,2018,2070,*ST 众和,2016.0
1.0,2018,2070,*ST 众和,2017.0
1.0,2022,300256,*ST 星星,2021.0
4.0,2020,2766,ST 索菱,2016.0
3.0,2020,2766,ST 索菱,2017.0
2.0,2020,2766,ST 索菱,2018.0
1.0,2020,2836,新宏泽,2019.0
0.0,2020,2836,新宏泽,2020.0
3.0,2020,408,*ST 藏格,2017.0
2.0,2020,408,*ST 藏格,2018.0
1.0,2020,408,*ST 藏格,2019.0
6.0,2022,688086,*ST 紫晶,2016.0
5.0,2022,688086,*ST 紫晶,2017.0
4.0,2022,688086,*ST 紫晶,2018.0
3.0,2022,688086,*ST 紫晶,2019.0
4.0,2021,971,*ST 高升,2017.0
3.0,2021,971,*ST 高升,2018.0
2.0,2021,971,*ST 高升,2019.0
9.0,2022,600654,ST 中安,2013.0
8.0,2022,600654,ST 中安,2014.0
7.0,2022,600654,ST 中安,2015.0
6.0,2022,600654,ST 中安,2016.0
5.0,2022,600654,ST 中安,2017.0
4.0,2022,600654,ST 中安,2018.0
3.0,2022,600654,ST 中安,2019.0
2.0,2022,600654,ST 中安,2020.0
1.0,2022,600654,ST 中安,2021.0
0.0,2022,600654,ST 中安,2022.0
4.0,2020,150,宜华健康,2016.0
3.0,2020,150,宜华健康,2017.0
1.0,2020,150,宜华健康,2019.0
6.0,2022,600666,*ST 瑞德,2016.0
5.0,2022,600666,*ST 瑞德,2017.0
4.0,2022,600666,*ST 瑞德,2018.0
4.0,2022,2485,*ST 雪发,2018.0
3.0,2022,2485,*ST 雪发,2019.0
2.0,2020,300173,智慧松德,2018.0
1.0,2020,300173,智慧松德,2019.0
10.0,2022,2776,ST 柏龙,2012.0
9.0,2022,2776,ST 柏龙,2013.0
8.0,2022,2776,ST 柏龙,2014.0
7.0,2022,2776,ST 柏龙,2015.0
6.0,2022,2776,ST 柏龙,2016.0
5.0,2022,2776,ST 柏龙,2017.0
4.0,2022,2776,ST 柏龙,2018.0
3.0,2022,2776,ST 柏龙,2019.0
2.0,2022,2776,ST 柏龙,2020.0
2.0,2021,300526,中潜股份,2019.0
3.0,2018,2473,*ST 圣莱,2015.0
3.0,2018,600610,*ST 毅达,2015.0
2.0,2018,600610,*ST 毅达,2016.0
1.0,2018,600610,*ST 毅达,2017.0
2.0,2022,600767,运盛医疗,2020.0
4.0,2021,300152,科融环境,2017.0
3.0,2021,300431,暴风退,2018.0
8.0,2022,2164,宁波东力,2014.0
7.0,2022,2164,宁波东力,2015.0
6.0,2022,2164,宁波东力,2016.0
5.0,2022,2164,宁波东力,2017.0
4.0,2022,2164,宁波东力,2018.0
6.0,2022,300089,ST 文化,2016.0
5.0,2022,300089,ST 文化,2017.0
4.0,2022,600734,ST 实达,2018.0
4.0,2018,519,中兵红箭,2014.0
3.0,2018,519,中兵红箭,2015.0
2.0,2018,519,中兵红箭,2016.0
1.0,2019,2501,利源精制,2018.0
4.0,2020,2069,獐子岛,2016.0
3.0,2020,2069,獐子岛,2017.0
5.0,2018,600651,飞乐音响,2013.0
4.0,2018,600651,飞乐音响,2014.0
8.0,2021,600634,退市富控,2013.0
7.0,2021,600634,退市富控,2014.0
6.0,2021,600634,退市富控,2015.0
5.0,2021,600634,退市富控,2016.0
4.0,2021,600634,退市富控,2017.0
4.0,2018,600654,*ST 中安,2014.0
3.0,2018,600654,*ST 中安,2015.0
3.0,2020,300152,科融环境,2017.0
6.0,2022,600090,*ST 济堂,2016.0
5.0,2022,600090,*ST 济堂,2017.0
4.0,2022,600090,*ST 济堂,2018.0
3.0,2022,600090,*ST 济堂,2019.0
2.0,2022,600090,*ST 济堂,2020.0
3.0,2019,2086,ST 东海洋,2016.0
2.0,2019,2086,ST 东海洋,2017.0
1.0,2019,2086,ST 东海洋,2018.0
0.0,2019,2086,ST 东海洋,2019.0
3.0,2022,600589,ST 榕泰,2019.0
2.0,2022,600589,ST 榕泰,2020.0
1.0,2021,2291,星期六,2020.0
6.0,2019,892,欢瑞世纪,2013.0
5.0,2019,892,欢瑞世纪,2014.0
4.0,2019,892,欢瑞世纪,2015.0
3.0,2019,892,欢瑞世纪,2016.0
6.0,2022,600978,*ST 宜生,2016.0
5.0,2022,600978,*ST 宜生,2017.0
4.0,2022,600978,*ST 宜生,2018.0
3.0,2022,600978,*ST 宜生,2019.0
3.0,2018,566,海南海药,2015.0
2.0,2018,566,海南海药,2016.0
1.0,2018,566,海南海药,2017.0
0.0,2018,566,海南海药,2018.0
5.0,2018,600806,*ST 昆机,2013.0
4.0,2018,600806,*ST 昆机,2014.0
3.0,2018,600806,*ST 昆机,2015.0
2.0,2018,2473,*ST 圣莱,2016.0
1.0,2022,2499,*ST 科林,2021.0
0.0,2022,2499,*ST 科林,2022.0
12.0,2021,839,中信国安,2009.0
6.0,2019,600891,秋林集团,2013.0
5.0,2019,600891,秋林集团,2014.0
4.0,2019,600891,秋林集团,2015.0
3.0,2019,600891,秋林集团,2016.0
2.0,2019,600891,秋林集团,2017.0
1.0,2019,600891,秋林集团,2018.0
5.0,2022,2383,合众思壮,2017.0
4.0,2022,2383,合众思壮,2018.0
3.0,2022,2383,合众思壮,2019.0
2.0,2022,2383,合众思壮,2020.0
2.0,2019,835,长城动漫,2017.0
1.0,2019,835,长城动漫,2018.0
0.0,2019,835,长城动漫,2019.0
3.0,2019,2122,*ST 天马,2016.0
2.0,2019,2122,*ST 天马,2017.0
1.0,2019,2122,*ST 天马,2018.0
1.0,2022,300495,*ST 美尚,2021.0
4.0,2021,600226,ST 瀚叶,2017.0
3.0,2021,600226,ST 瀚叶,2018.0
2.0,2021,600226,ST 瀚叶,2019.0
4.0,2021,2141,贤丰控股,2017.0
5.0,2022,600086,退市金钰,2017.0
4.0,2018,600918,中泰证券,2014.0
3.0,2018,600918,中泰证券,2015.0
2.0,2018,600918,中泰证券,2016.0
-3.0,2019,2181,粤传媒,2022.0
4.0,2022,600518,ST 康美,2018.0
3.0,2022,600518,ST 康美,2019.0
2.0,2022,600518,ST 康美,2020.0
6.0,2022,600525,长园集团,2016.0
5.0,2022,600525,长园集团,2017.0
4.0,2022,600525,长园集团,2018.0
6.0,2021,600677,*ST 航通,2015.0
2.0,2021,600677,*ST 航通,2019.0
7.0,2018,2181,粤传媒,2011.0
6.0,2018,2181,粤传媒,2012.0
5.0,2018,2181,粤传媒,2013.0
4.0,2022,600532,ST 未来,2018.0
3.0,2022,600532,ST 未来,2019.0
9.0,2019,600399,ST 抚钢,2010.0
8.0,2019,600399,ST 抚钢,2011.0
7.0,2019,600399,ST 抚钢,2012.0
6.0,2019,600399,ST 抚钢,2013.0
5.0,2019,600399,ST 抚钢,2014.0
4.0,2019,600399,ST 抚钢,2015.0
3.0,2019,600399,ST 抚钢,2016.0
2.0,2019,600399,ST 抚钢,2017.0
1.0,2020,2586,*ST 围海,2019.0
3.0,2021,600589,ST 榕泰,2018.0
2.0,2021,600589,ST 榕泰,2019.0
4.0,2019,7,全新好,2015.0
5.0,2021,300089,文化长城,2016.0
4.0,2021,300089,文化长城,2017.0
3.0,2021,300089,文化长城,2018.0
6.0,2022,688555,泽达易盛,2016.0
5.0,2022,688555,泽达易盛,2017.0
4.0,2022,688555,泽达易盛,2018.0
3.0,2022,688555,泽达易盛,2019.0
2.0,2022,688555,泽达易盛,2020.0
1.0,2022,688555,泽达易盛,2021.0
4.0,2020,939,*ST 凯迪,2016.0
3.0,2020,939,*ST 凯迪,2017.0
2.0,2020,939,*ST 凯迪,2018.0
7.0,2022,600093,*ST 易见,2015.0
6.0,2022,600093,*ST 易见,2016.0
5.0,2022,600093,*ST 易见,2017.0
4.0,2022,600093,*ST 易见,2018.0
3.0,2022,600093,*ST 易见,2019.0
2.0,2022,600093,*ST 易见,2020.0
4.0,2019,600807,ST 天业,2015.0
3.0,2019,600807,ST 天业,2016.0
2.0,2019,600807,ST 天业,2017.0
1.0,2019,600807,ST 天业,2018.0
7.0,2020,600634,*ST 富控,2013.0
6.0,2020,600634,*ST 富控,2014.0
5.0,2020,600634,*ST 富控,2015.0
4.0,2020,600634,*ST 富控,2016.0
3.0,2020,600634,*ST 富控,2017.0
2.0,2022,603157,退市拉夏,2020.0
6.0,2021,300216,千山退,2015.0
5.0,2021,300216,千山退,2016.0
4.0,2021,300216,千山退,2017.0
3.0,2021,600634,退市富控,2018.0
7.0,2018,2551,尚荣医疗,2011.0
6.0,2018,2551,尚荣医疗,2012.0
-87.0,2019,892,欢瑞世纪,2106.0
11.0,2021,600399,抚顺特钢,2010.0
10.0,2021,600399,抚顺特钢,2011.0
9.0,2021,600399,抚顺特钢,2012.0
8.0,2021,600399,抚顺特钢,2013.0
7.0,2021,600399,抚顺特钢,2014.0
6.0,2021,600399,抚顺特钢,2015.0
5.0,2021,600399,抚顺特钢,2016.0
6.0,2022,587,*ST 金洲,2016.0
5.0,2022,587,*ST 金洲,2017.0
4.0,2022,587,*ST 金洲,2018.0
4.0,2019,10,*ST 美丽,2015.0
4.0,2019,2181,粤传媒,2015.0
5.0,2022,300064,金刚退,2017.0
4.0,2022,300064,金刚退,2018.0
3.0,2022,300064,金刚退,2019.0
5.0,2021,600518,*ST 康美,2016.0
4.0,2021,600518,*ST 康美,2017.0
3.0,2021,600518,*ST 康美,2018.0
5.0,2021,600518,ST 康美,2016.0
4.0,2021,600518,ST 康美,2017.0
3.0,2021,600518,ST 康美,2018.0
5.0,2021,300064,*ST 金刚,2016.0
6.0,2019,600654,*ST 中安,2013.0
14.0,2021,300104,乐视退,2007.0
13.0,2021,300104,乐视退,2008.0
12.0,2021,300104,乐视退,2009.0
11.0,2021,300104,乐视退,2010.0
10.0,2021,300104,乐视退,2011.0
9.0,2021,300104,乐视退,2012.0
8.0,2021,300104,乐视退,2013.0
7.0,2021,300104,乐视退,2014.0
6.0,2021,300104,乐视退,2015.0
5.0,2021,300104,乐视退,2016.0
